nctn,munsell
362273,7.5YR 6/3
362274,7.5YR 6/4
362275,7.5YR 6/4
362276,7.5YR 7/3
362279,5YR 6/4
362280,10YR 6/3
362281,7.5YR 7/3
362282,7.5YR 6/4
362283,10YR 7/3
362284,5YR 6/4
362285,5YR 6/4
362286,7.5YR 6/3
362287,5YR 6/3
362288,10YR 7/3
362289,7.5YR 6/3
362290,10YR 7/3
362291,10YR 6/3
362292,7.5YR 6/4
362293,5YR 6/4
362294,7.5YR 6/4
362295,7.5YR 6/4
362296,10YR 7/3
362297,5YR 6/4
362298,7.5YR 6/3
362299,7.5YR 7/3
362300,10YR 7/3
362301,7.5YR 6/3
362302,5YR 6/3
362303,"7,5YR 6/3"
362304,5YR 6/4
362305,"7,5YR 6/3"
362306,10YR 7/4
362307,5YR 5/2
362308,5YR 5/3
362309,10YR 6/4
362310,7.5YR 6/4
362311,7.5YR 6/3
362312,10 YR 7/2
362313,10 YR 6/2
362314,7.5YR 6/3
362315,5YR 6/4
362316,7.5YR 6/3
362317,7.5YR 6/4
362318,5YR 7/3
362319,2.5YR 6/4
362320,7.5YR 6/3
362321,7.5YR 6/3
362322,7.5YR 6/3
362323,10YR 6/3
362324,7.5YR 7/4
362325,10YR 5/3
362326,7.5YR 6/3
362327,5YR 6/3
362328,5YR 5/3
362329,7.5YR 6/3
362330,7.5YR 6/3
362332,10YR 7/3
362333,10YR 6/4
362334,10YR 6/3
362335,5YR 6/4
362336,5YR 6/3
362337,10YR 6/3
362338,5YR 5/3
362339,7.5YR 6/4
362340,5YR 5/3
362341,7.5YR 6/3
362342,10YR 7/3
362343,5YR 6/4
362344,5YR 6/3
362345,7.5YR 5/3
362346,5YR 6/4
362347,7.5YR 6/3
362348,5YR 6/6
362349,7.5YR 7/2
362350,5YR 5/4
362351,5YR 5/3
362352,"7,5YR 6/3"
362353,"7,5YR 5/3"
362354,5YR 5/2
362355,"7,5YR 6/3"
362356,7.5YR 6/3
362357,7.5YR 6/3
362358,7.5YR 6/3
362359,7.5YR 6/4
362360,5YR 6/4
362361,"7,5YR 5/3"
362362,7.5YR 5/3
362363,7.5YR 5/3
362364,7.5YR 5/3
362365,7.5YR 5/2
362366,5YR 8/2
362367,7.5YR 5/3
362368,7.5YR 5/3
362369,7.5YR 6/4
362370,7.5YR 6/4
362371,5YR 6/4
362372,7.5YR 6/4
362373,5YR 6/4
362374,7.5YR 6/3
362375,7.5YR 6/3
362376,10YR 7/3
362377,"7,5YR 6/3"
362378,10YR 7/3
362379,10YR 6/2
362380,"7,5YR 6/3"
362381,"7,5YR 6/3"
362382,"7,5YR 6/3"
362383,"7,5YR 6/4"
362384,"7,5YR 6/3"
362385,10YR 7/3
364448,10 YR 7/3
364453,7.5 YR 7/4
364454,7.5 YR 6/4
364455,7.5 YR 7/4
364456,10 YR 7/3
364458,5 YR 7/4
364459,7.5 YR 7/3
364460,5 YR 6/4
364461,7.5 YR 5/6
364463,10 YR 6/3
364464,10 YR 6/3
364465,5 YR 6/6
364466,7.5 YR 6/4
364467,7.5 YR 5/3
364468,7.5 YR 6/4
364469,7.5 YR 6/4
364472,10 YR 6/3
364473,7.5 YR 7/4
364474,10 YR 6/3
364475,7.5 YR 7/4
364476,5 YR 6/4
364479,5 YR 5/4
364480,5 YR 7/4
364481,10 YR 7/3
364484,10 YR 7/4
364485,7.5 YR 6/4
364486,5 YR 5/4
364487,2.5 Y 7/3
364488,7.5 YR 7/3
364492,10 YR 7/3
364493,2.5 Y 7/3
364494,10 YR 6/3
364495,5 YR 6/4
364496,2.5 Y 7/3
364497,10 YR 7/3
364498,5 YR 6/3
364499,5 YR 6/4
364500,10 YR 7/3
364501,2.5 Y 7/3
364502,7.5 YR 7/3
364503,7.5 YR 7/3
364504,7.5 YR 7/4
364505,10 YR 7/3
350641,2.5Y 7/2
350642,7.5YR 6/3
350644,10YR 7/3
350645,7.5YR 5/3
350647,10YR 7/3
350649,2.5Y 5/2
350650,7.5YR 6/4
350651,5Y 7/3
350652,2.5Y 7/3
350653,2.5YR 5/6
350654,10YR 7/3
350655,10YR 7/3
350656,10YR 7/4
350657,10YR 7/3
350661,2.5Y 7/3
350666,2.5Y 7/3
350668,7.5YR 6/4
350669,10YR 7/4
350670,10YR 7/2
350671,10YR 7/3
350672,10YR 7/4
350673,10YR 7/4
350674,10YR 7/3
350675,2.5Y 7/3
350676,5Y 7/2
350677,2.5Y 6/2
350678,7.5YR 5/4
350504,10YR 7/3
350505,7.5YR 6/3
350506,10YR 7/3
350507,5Y 8/2
350508,2.5Y 7/3
350509,2.5Y 8/3
350510,2.5Y 7/3
350515,5Y 8/3
350516,2.5Y 7/3
350519,10YR 7/3
350527,2.5Y 7/3
350528,10YR 7/3
350531,7.5YR 7/4
350536,7.5YR 6/4
350544,10YR 7/3
350545,7.5YR 5/4
350546,5YR 6/6
350549,7.5YR 6/4
350551,5YR 7/4
350554,2.5Y 8/3
350254,5 YR 5/4
350255,2.5 Y 7/4
350256,7.5 YR 6/4
350261,10 YR 7/3
350262,10 YR 7/4
350265,7.5 YR 6/4
350266,5 YR 6/4
350267,10 YR 7/3
350268,10 YR 6/4
350269,2.5 Y 7/3
350270,2.5 Y 7/4
350271,10 YR 6/3
350276,2.5 Y 7/3
350277,5 YR 6/4
350278,5 YR 6/4
,
,
,
,
,
,
,
,
,
,
,
,
,
,
,
,
,
,
,
,
350279,2.5 YR 6/6
350280,5 YR 6/4
350282,5 YR 6/6
350286,7.5 YR 6/4
350287,7.5 YR 6/4
350288,10 YR 7/4
350290,7.5 YR 7/4
350296,10 YR 7/3
350297,10 YR 7/3
350299,5 YR 6/4
350301,7.5 YR 7/4
350302,5 YR 4/2
350303,7.5 YR 6/4
350305,10 YR 7/4
350307,10 YR 8/4
350308,2.5 Y 7/4
350309,5 YR 6/4
350310,"2,5 Y 7/3"
350311,"7,5 YR 6/4"
350312,10 YR 7/3
350313,"7,5 YR 6/4"
350315,5 YR 6/4
350316,"7,5 YR 7/3"
350318,"2,5 Y 7/3"
350319,10 YR 7/4
350322,5 YR 7/3
350323,"7,5 YR 6/3"
350325,"2,5 Y 8/3"
350329,10 YR 7/3
350330,"2,5 Y 7/4"
350555,10YR 7/3
350556,10YR 7/3
350557,10YR 7/3
350558,10YR 7/3
350559,10YR 7/3
350561,7.5YR 7/4
350562,10YR 7/3
350563,10YR 7/3
350564,10YR 7/3
350565,2.5Y 7/3
350566,7.5YR 7/4
350567,2.5Y 8/2
350568,2.5Y 7/2
350569,10YR 8/4
350570,10YR 7/4
350571,10YR 7/4
350572,10YR 7/3
350573,10YR 7/3
350574,10YR 7/3
350575,10YR 6/4
350576,7.5YR 7/3
350577,10YR 7/3
350578,10YR 7/3
350579,10YR 7/3
350580,10YR 7/3
350581,10YR 7/3
350582,10YR 7/3
350583,10YR 7/3
350584,2.5Y 6/3
350585,10YR 7/3
350586,10YR 7/3
350587,10YR 6/3
350588,10YR 7/3
350589,2.5Y 7/2
350590,2.5Y 7/3
350591,7.5YR 6/4
350592,7.5YR 6/4
350597,7.5YR 6/4
350598,5YR 6/4
350600,10YR 7/3
350601,7.5YR 7/4
350602,10YR 7/3
350611,10YR 6/3
350612,10YR 7/3
350613,2.5YR 6/4
350603,7.5YR 7/4
350604,2.5Y 8/2
350605,2.5Y 7/3
350606,2.5Y 7/3
350607,10YR 8/3
350608,10YR 7/3
350609,2.5Y 8/3
350610,2.5Y 7/2
350614,2.5Y 8/4
350615,10YR 8/4
350624,10YR 7/4
350625,10YR 8/4
350626,5YR 7/6
350616,10YR 8/3
350617,2.5Y 8/3
350618,7.5YR 7/4
350619,2.5Y 8/3
350620,7.5YR 7/4
350621,10YR 8/4
350622,2.5Y 8/3
350623,7.5YR 7/4
350627,2.5Y 8/3
350628,5Y 8/2
350629,10YR 8/3
350630,2.5Y 8/3
350631,2.5Y 8/3
350632,10YR 8/4
350633,2.5Y 8/3
350634,2.5Y 8/3
350635,10YR 8/3
350636,2.5Y 7/3
350637,10YR 8/4
350638,2.5Y 8/3
350639,7.5YR 7/6
350640,5Y 8/3
350336,10YR 7/3
350337,10YR 7/3
350340,10YR 7/4
350341,10YR 7/4
350342,7.5YR 6/4
350347,10YR 7/4
350350,5YR 6/4
350351,5YR 7/4
350352,7.5YR 6/3
350354,10YR 7/3
350357,7.5YR 6/3
350359,5YR 5/3
350360,7.5YR 4/6
350365,10YR 7/4
350366,7.5YR 6/4
350367,10YR 7/3
350370,7.5YR 7/4
350371,5YR 6/4
350412,10YR 8/3
350416,10YR 7/3
350417,2.5Y 7/3
350418,7.5YR 7/3
350421,2.5Y 7/3
350423,7.5YR 6/4
350445,10YR 7/3
350446,2.5YR 5/4
350447,5YR 5/3
350448,10YR 7/3
350449,5YR 5/4
350451,5YR 5/4
350452,5YR 5/3
350453,10YR 7/3
350454,7.5YR 5/3
350455,10YR 6/3
350468,2.5Y 7/3
350469,7.5YR 6/4
350470,10YR 7/4
350471,10YR 7/4
350472,10YR 7/3
350473,10YR 7/4
350474,10YR 7/3
364586,10YR 7/3
364587,10YR 7/4
364588,10YR 7/3
364589,2.5YR 5/4
364590,5YR 6/4
364593,10YR 7/4
364595,5YR 6/4
364597,7.5YR 7/4
364598,7.5YR 5/4
364599,10YR 7/3
350376,2.5Y6/2
350378,10YR 6/3
350380,2.5Y 6/2
350381,5Y 7/2
350383,5Y 7/2
350386,5YR 6/6
350387,7.5YR 6/4
350388,2.5Y 8/3
350397,7.5YR 6/4
350400,10YR 7/3
350401,5YR 6/4
350403,5YR 6/4
350404,10YR 7/3
350405,10YR 7/3
350406,10YR 7/3
350407,2.5Y 7/3
350408,2.5Y 7/3
350409,2.5Y 7/3
364606,10 YR 7/3
364607,10 YR 7/3
364609,2.5 Y 7/3
364610,7.5 YR 5/3
364611,5 YR 6/6
364616,10 YR 6/4
364623,7.5 YR 7/4
364625,7.5 YR 6/4
364628,10 YR 7/3
364629,10 YR 7/3
364630,7.5 YR 6/3
364634,10 YR 7/3
364635,7.5 YR 6/4
364638,7.5 YR 6/3
364640,5 YR 6/4
364641,5 YR 6/4
364642,7.5 YR 6/4
364643,5 YR 6/4
364644,7.5 YR 6/4
364646,5 YR 6/4
350475,10YR 7/3
350477,7.5YR 6/4
350478,10YR 5/3
350479,7.5YR 6/4
350481,5YR 6/4
350482,5YR 6/4
350484,10YR 7/4
350487,10YR 7/4
350489,5YR 6/6
350491,10YR 7/3
350496,2.5Y 8/4
350497,2.5Y 8/2
350500,10YR 7/3
350502,7.5YR 6/4
363946,10 YR 7/3
363950,5 YR 6/6
363951,7.5 YR 6/3
363952,7.5 YR 6/4
363953,7.5 YR 6/4
363954,7.5 YR 6/4
363955,7.5 YR 6/4
363956,10 YR 7/4
363959,10 YR 6/3
363961,5 YR 6/4
363962,7.5. YR 6/3
363963,10 YR 7/3
363968,10 YR 7/3
363969,7.5 YR 6/4
363972,2.5 Y 8/4
363973,7.5 YR 6/4
363974,5 YR 6/4
363978,10 YR 7/3
363980,7.5 YR 5/3
363981,7.5 YR 6/3
363982,2.5 Y 7/3
363984,10 YR 7/3
363985,7.5 YR 6/3
363990,5 YR 6/6
363993,10 YR 7/3
363994,5 YR 5/4
363995,5 YR 6/4
363996,5 YR 6/4
363998,5 YR 5/6
363999,2.5 Y 7/3
364507,2.5 YR 6/6
364511,10 YR 7/4
364512,10 YR 7/4
364515,10 YR 7/3
364517,10 YR 7/4
364518,2.5 Y 7/4
364519,2.5 Y 7/3
364523,10 YR 7/4
364552,10 YR 7/3
364554,7.5 YR 6/4
364555,10 YR 7/3
364556,7.5 YR 7/4
364557,10 YR 6/3
364561,7.5 YR 7/4
364563,10 YR 7/4
364565,10 YR 7/3
364566,10 YR 7/3
364568,5 YR 6/4
364569,10 YR 7/3
364570,10 YR 7/3
364571,10 YR 7/4
364573,5 YR 5/6
364575,5 YR 6/4
364576,2.5 Y 7/3
364577,7.5 YR 6/4
364579,2.5 Y 7/3
364580,10 YR 5/4
350742,10YR 7/3
350743,10YR 7/3
350751,7.5YR 6/4
350752,7.5YR 6/4
350754,10YR 7/3
350756,5YR 5/4
349953,2.5YR 6/6
349954,7.5YR 7/3
349955,7.5YR 6/4
349956,2.5Y 7/3
349960,5YR 6/4
349961,7.5YR 5/4
349965,10YR 7/3
349969,7.5YR 6/4
349970,5YR 6/4
349971,5YR 6/4
349973,10YR 7/4
349974,10YR 7/4
349975,10YR 7/4
349976,7.5YR 6/4
349978,7.5YR 6/4
365173,7.5YR 6/3
334388,10YR 7/3
334389,10YR 7/3
334390,10YR 7/3
334391,10YR 7/4
365179,10YR 7/3
365180,5YR 6/4
364041,"7,5 YR 6/3"
364050,"7,5 YR 6/3"
364140,10YR 7/3
364141,5YR 6/4
364142,5YR 6/3
364143,5YR 6/4
364144,7.5YR 6/3
364145,5YR 6/4
364146,5YR 6/4
364147,10YR 6/3
364051,10 YR 7/3
364052,"2,5 Y 6/2"
364058,5 YR 6/4
364059,"7,5 YR 6/3"
364042,10 YR 7/3
364060,10 YR 7/3
364061,5 YR 6/4
364062,10 YR 7/3
364063,5 YR 6/4
364064,5 YR 6/4
364065,"2,5 YR 6/4"
364067,"7,5 YR 5/3"
364069,10 YR 7/3
364043,10 YR 7/3
364070,"2,5 Y 7/2"
364071,10 YR 7/3
364072,5 YR 5/3
364073,"7,5 YR 7/3"
364074,10 YR 6/2
364075,"2,5 YR 6/6"
364076,10 YR 6/3
364077,"2,5 Y 7/2"
364078,"7,5 YR 6/3"
364079,5 YR 5/3
364044,10 YR 6/3
364080,5 YR 6/4
364081,5 YR 5/3
364082,7.5 YR 6/4
364083,5 YR 6/4
364084,10 YR 7/3
364085,10 YR 7/3
364086,7.5 YR 7/3
364087,7.5 YR 6/4
364088,7.5 YR 6/4
364089,5 YR 6/3
364045,10 YR 7/3
364090,5 YR 6/3
364091,7.5 YR 6/3
364094,"7,5 YR 6/3"
364095,10 YR 6/3
364096,10 YR 7/3
364097,"7,5 YR 6/3"
364098,"7,5 YR 6/4"
364099,"2,5 Y 6/2"
364046,5 YR 6/4
364100,"7,5 YR 6/3"
364101,"7,5 YR 6/3"
364102,"7,5 YR 6/3"
364103,"7,5 YR 6/3"
364104,"7,5 YR 6/3"
364105,"7,5 YR 6/4"
364106,"7,5 YR 6/3"
364107,5 YR 6/4
364108,"7,5 YR 6/3"
364109,"7,5 YR 6/3"
364047,10 YR 7/3
364110,5 YR 6/4
364111,5 YR 6/4
364112,5 YR 6/4
364113,"7,5 YR 6/4"
364114,5 YR 6/4
364115,5 YR 6/4
364116,"7,5 YR 6/3"
364117,7.5YR 6/3
364118,10YR 6/3
364119,2.5YR 6/6
364048,10 YR 7/3
364120,5YR 6/4
364121,7.5YR 5/6
364122,5YR 6/4
364123,7.5YR 5/6
364124,7.5YR 6/3
364125,5YR 6/4
364126,10YR 6/3
364127,2.5YR 6/3
364128,7.5YR 6/3
364129,2.5Y 6/2
364049,"7,5 YR 7/3"
364130,5YR 6/4
364131,2.5Y 7/3
364132,7.5YR 6/4
364133,5YR 6/4
364134,7.5YR 5/3
364135,7.5YR 7/4
364136,5YR 6/4
364137,7.5YR 7/3
364138,10YR 6/3
364139,7.5YR 6/3
364148,5YR 6/4
364157,7.5YR 5/3
364158,2.5YR 6/6
364159,5YR 6/6
364160,5YR 5/3
364161,5YR 6/4
364162,2.5YR 5/4
364163,2.5YR 5/4
364164,7.5YR 6/3
364165,5YR 6/3
364166,7.5YR 6/3
364149,10YR 7/3
364167,5YR 5/4
364168,7.5YR 5/3
364169,7.5YR 5/4
364170,5YR 6/4
364171,5YR 6/4
364172,5YR 6/4
364173,10YR 6/2
364174,10YR 7/3
364175,5YR 6/3
364176,7.5YR 6/3
364150,7.5YR 7/3
364177,7.5YR 6/3
364178,7.5YR 6/3
364179,10YR 6/2
364180,7.5YR 6/3
364181,10YR 5/2
364182,5YR 6/3
364183,5YR 6/4
364184,7.5YR 5/3
364185,5YR 5/3
364186,5YR 6/4
364151,7.5YR 7/3
364187,5YR 6/3
364188,5YR 6/4
364189,5YR 6/4
364190,5YR 6/4
364191,7.5YR 6/3
364192,5YR 6/3
364193,10YR 6/2
364194,5YR 6/4
364195,5YR 5/3
364196,5YR 6/4
364152,7.5YR 6/3
364197,5YR 6/3
364198,5YR 6/4
364199,5YR 3/2
364200,5YR 5/4
364201,10YR 6/3
364202,10YR 7/3
364203,10YR 7/3
364204,7.5YR 6/3
364205,10YR 6/3
364206,7.5YR 6/3
364153,5YR 4/2
364207,7.5YR 6/3
364208,7.5YR 5/2
364209,10YR 6/3
364210,10YR 5/3
364211,7.5YR 5/3
364212,10YR 6/3
364213,5YR 6/4
364214,5YR 6/3
364215,10YR 7/3
364216,5YR 6/4
364154,7.5YR 5/2
364217,7YR 6/3
364218,5YR 6/3
364219,5YR 6/4
364220,7.5YR 6/3
364221,10YR 7/3
364222,5YR 6/4
364223,7.5YR 6/3
364224,7.5YR 6/3
364225,5YR 6/4
364226,10YR 7/3
364155,10YR 6/2
364227,2.5YR 6/4
364228,7.5YR 6/4
364229,5YR 6/4
364230,10R5/6
364231,5YR 6/3
364232,5YR 6/4
364156,7.5YR 6/3
364233,10YR 6/4
364235,2.5YR 5/4
364236,2.5y 7/3
364238,2.5Y 7/3
364239,7.5YR 7/4
364243,7.5YR 5/4
364244,2.5YR 5/6
364245,7.5YR 6/4
364247,7.5YR 7/3
364249,7.5YR 6/4
364250,10YR 7/3
364251,10YR 7/3
364252,2.5YR 6/6
364253,7.5YR 6/4
364254,7.5YR 6/3
364255,5YR 6/4
364256,10YR 7/3
364257,2.5YR 5/3
364258,7.5YR 5/6
364259,10YR 6/3
364260,5YR 6/4
364262,7.5YR 6/3
364263,10YR 7/3
364264,7.5YR 7/4
363808,"2,5 Y 7/3"
363811,5 YR 6/4
363812,5 YR 6/4
363813,7.5 YR 6/4
363814,10 YR 7/4
363815,7.5 YR 6/4
363816,10 YR 6/3
363817,5 YR 6/3
363818,5 YR 6/4
363819,10 YR 7/3
363820,10 YR 7/3
363822,10 YR 6/3
363824,10 YR 7/3
363826,5 YR 5/4
363828,5 YR 6/4
363829,5 YR 6/4
363830,7.5 YR 6/4
363831,2.5 Y 7/2
363833,5 YR 6/4
363834,10 YR 7/4
363836,10 YR 7/3
363837,5 YR 6/4
363839,7.5 YR 5/2
363840,10 YR 7/3
363841,10 YR 6/3
363845,5 YR 7/3
363846,10 YR 7/4
363847,5 YR 5/4
363848,10 YR 7/4
363851,10 YR 7/3
363852,7.5 YR 7/3
363858,10 YR 7/3
363859,10 YR 7/3
363860,10 YR 7/3
363861,10 YR 7/4
363862,10 YR 7/3
363863,7.5 YR 7/4
363864,10 YR 7/4
363865,7.5 YR 6/3
363866,10 YR 7/4
363867,10 YR 6/3
363869,2.5 Y 6/1
363870,7.5 YR 6/4
363871,2.5 Y 6/3
363872,2.5 Y 7/3
363873,7.5 YR 6/3
363874,7.5 YR 6/3
363875,10 YR 6/3
363876,10 YR 7/3
363877,10 YR 7/4
363878,10 YR 7/4
363880,2.5 Y 7/3
363883,10 YR 6/3
363884,10 YR 7/3
363885,7.5 YR 6/4
363887,7.5 YR 6/3
363888,5 YR 6/4
363889,5 YR 6/3
363890,7.5 YR 7/4
363892,5 YR 6/4
363893,7.5 YR 7/3
363894,7.5 YR 7/4
363895,7.5 YR 7/4
363896,7.5 YR 6/4
363897,7.5 YR 6/4
363899,10 YR 6/4
363900,5 YR 5/3
363901,2.5 YR 6/6
350712,10YR 7/3
350713,10YR 7/3
350716,10YR 7/4
350717,5YR 5/3
350718,5YR 6/6
350720,10YR 7/3
350721,7.5YR 7/4
350722,7.5YR 5/3
350723,5YR  5/3
350724,7.5YR 7/4
350726,5YR 6/4
350728,7.5YR 6/3
350729,10YR 7/3
350730,10YR 6/3
350731,5YR 6/4
350732,10YR 7/3
350733,7.5YR 6/4
350734,10YR 7/3
350735,5YR 6/4
350736,7.5YR 6/3
350737,5YR 6/4
350739,10YR 7/4
350740,5YR 5/6
364308,5YR 6/6
364310,2.5YR 6/3
364312,10YR 7/3
364313,5YR 6/4
364314,2.5Y 7/3
364316,7.5YR 6/4
364317,10YR 7/3
364320,7.5YR 6/4
364321,7.5YR 6/4
364323,5YR 6/4
364324,7.5YR 6/4
364325,10YR 7/4
364327,10YR 6/3
364328,10YR 7/3
364329,10YR 7/3
364330,10YR 7/3
334403,7.5YR 6/4
334323,7.5YR 6/4
334324,7.5YR 6/4
334325,10YR 7/4
334326,10YR 7/3
334330,2.5Y 7/3
334332,7.5YR 7/3
334338,5YR 6/4
334339,10YR 7/4
334342,10YR 7/3
334343,10YR 7/3
334344,5YR 5/4
365042,2.5Y 7/3
365044,7.5YR 6/4
365045,10YR 7/3
365046,7.5YR 7/4
365047,5YR 6/6
365140,10YR 7/4
365141,10YR 7/4
365142,2.5Y 7/4
365143,10YR 7/4
365144,5YR 6/6
365145,10YR 7/4
334352,2.5Y 7/3
334353,5YR 6/4
334356,10YR 7/3
334365,10YR 7/3
334366,10YR 7/3
334367,10YR 7/3
334368,10YR 7/3
334369,10YR 7/3
334357,10YR 7/4
334358,10YR 7/3
334359,10YR 7/3
334360,10YR 7/3
334361,10YR 7/4
334362,10YR 7/4
334363,10YR 7/3
334364,10YR 7/3
334370,10YR 7/4
334371,10YR 7/4
334372,10YR 7/3
334373,10YR 7/4
334374,2.5Y 8/3
334375,5YR 6/4
334376,10YR 7/3
364331,10YR 7/3
364332,10YR 7/3
364333,7.5YR 7/4
364335,10YR 7/3
364336,10YR 7/4
364337,10YR 7/4
364338,10YR 7/4
364339,10YR 7/4
364340,7.5YR 6/4
364341,10YR 8/3
364342,10YR 7/3
364343,10YR 7/4
364344,7.5YR 6/4
364345,10YR 7/3
364346,5YR 5/4
364347,2.5Y 7/3
364348,10YR 6/3
364349,7.5YR 6/3
364350,7.5YR 6/3
364351,7.5YR 6/3
364352,7.5YR 7/4
364353,7.5YR 7/4
364354,7.5YR 6/4
364355,7.5YR 6/4
363506,5 YR 6/4
363507,2.5 Y 7/3
363516,7.5 YR 7/4
363517,10 YR 7/4
363518,10 YR 7/3
363519,7.5 YR 6/4
363520,10 YR 7/3
363521,2.5 YR 7/3
363522,10 YR 7/3
363523,2.5 Y 7/2
363524,10 YR 7/3
363525,10 YR 7/4
363526,10 YR 7/3
363527,10 YR 7/3
363528,10 YR 7/4
363529,10 YR 7/4
363530,10 YR 7/3
363531,10 YR 7/3
363532,10 YR 7/4
363533,10 YR 7/3
363534,10 YR 7/3
363535,5 YR 6/4
363536,10 YR 7/4
363540,5 YR 6/4
363542,10 YR 7/3
363543,10 YR 7/3
363544,2.5 YR 5/6
363545,10 YR 7/4
363548,10 YR 7/4
363549,10 YR 7/3
363551,2.5 YR 8/4
363552,5 Y 8/4
363554,10 YR 7/3
363555,10 YR 7/3
363557,5 YR 6/4
363560,7.5 YR 6/4
363323,10 YR 7/3
363324,10 YR 7/3
363328,7.5 YR 6/4
363333,2.5 Y 8/3
363335,7.5 YR 6/3
363353,10 YR 7/4
363354,7.5 YR 6/4
363355,2.5 Y 7/3
363356,10 YR 7/3
363359,7.5 YR 7/4
361209,10 YR 7/3
361210,10 YR 7/3
361211,5 YR 6/4
361212,10 YR 6/3
361213,7.5 YR 6/3
361216,2.5 YR 6/6
361222,7.5 YR 6/4
361224,5 Y 7/2
361225,10 YR 7/3
361226,2.5 YR 5/4
361229,10 YR 7/3
361230,7.5 YR 6/4
361231,10 YR 7/3
361236,10 YR 7/4
361239,10 YR 6/3
361242,2.5 Y 8/3
361243,2.5 Y 8/3
361244,7.5 YR 6/4
361254,10 YR 6/4
361255,7.5 YR 5/6
361257,10 YR 7/4
364268,"7,5YR 6/4"
364269,7.5YR 7/4
364270,7.5YR 6/4
364271,7.5YR 6/4
364272,10YR 7/3
364273,7.5YR 7/3
364274,5YR 6/4
364278,10YR 7/3
364279,5YR 674
364281,10YR 6/3
364282,5Y 8/3
364283,7.5YR 6/4
364284,10YR 7/3
364285,2.5Y 7/3
364286,"7,5YR 5/4"
364287,7.5YR 6/4
364288,10YR 7/3
364290,5YR7/4
364293,2.5Y 7/3
364294,10YR 7/4
364298,10YR 7/3
364300,7.5YR 6/4
364301,7.5YR 7/4
364302,2.5YR 6/6
364303,10YR 7/3
364358,7.5 YR 6/3
364359,10 YR 7/3
364360,5 YR 6/6
364361,7.5 YR 7/4
364362,2.5 Y 7/3
364363,2.5 YR 6/4
364366,7.5 YR 6/4
364369,7.5 YR 6/4
364370,2.5 Y 7/3
364371,5 YR 6/6
364372,5 YR 6/6
364373,7.5 YR 6/3
364374,7.5 YR 7/3
364375,2.5 Y 7/3
364379,5 YR 6/4
364380,10 YR 7/3
364386,7.5 YR 6/3
364388,10 YR 7/3
364389,7.5 YR 7/4
350687,10YR 7/3
350689,2.5Y 7/3
350690,5YR 6/6
350692,5YR 6/4
350693,5YR 6/4
350694,2.5Y 8/3
350695,10YR 7/4
350696,5YR 6/4
350698,10YR 7/4
350700,7.5YR 7/4
350701,5YR 7/6
350703,5YR 6/6
350706,7.5YR 7/3
350711,2.5Y 8/3
361259,10 YR 7/4
361260,10 YR 6/3
361261,10 YR 7/3
361262,10 YR 6/3
361263,10 YR 6/4
361264,10 YR 7/3
361265,10 YR 7/3
361266,10 YR 7/3
361267,10 YR 7/3
361268,10 YR 7/3
361269,2.5 Y 6/3
361270,2.5 Y 7/3
361271,10 YR 6/3
361272,10 YR 7/3
361274,10 YR 7/4
361275,7.5 YR 6/6
361276,7.5 YR 5/3
361277,10 YR 6/3
361278,7.5 YR 6/3
361279,5 YR 5/4
361281,7.5 YR 6/4
361282,7.5 YR 5/4
361283,10 YR 5/3
361284,10 YR 6/4
361285,10 YR 5/2
361286,10 YR 6/3
361287,7.5 YR 6/4
361288,7.5 YR 6/6
361289,7.5 YR 5/4
361290,7.5 YR 6/4
361291,5 YR 6/4
361292,2.5 YR 6/6
361293,10 YR 6/4
361294,10 YR 6/4
361306,10 YR 7/3
361307,7.5 YR 6/3
361308,10 YR 7/3
361309,10 YR 7/3
361310,10 YR 7/3
361311,7.5 YR 5/3
361312,10 YR 6/3
361313,10 YR 7/3
361314,10 YR 7/3
361315,10 YR 7/3
361316,10 YR 6/3
361318,10 YR 7/4
361324,10 YR 7/3
361326,5 YR 6/4
361329,10 YR 7/3
361331,7.5 YR 6/4
361332,10 YR 7/3
361333,2.5 Y 7/3
361336,2.5 Y 7/3
361337,2.5 YR 6/8
361338,10 YR 7/3
361339,10 YR 7/3
361340,10 YR 7/3
361342,5 YR 5/4
361345,10 YR 7/3
361346,10 YR 7/3
361347,10 YR 7/3
361359,7.5 YR 6/4
361360,10 YR 7/4
361361,7.5 YR 7/4
361363,10 YR 7/3
361366,7.5 YR 6/4
361368,7.5 YR 6/4
361372,2.5 YR 6/6
361375,10 YR 7/4
361376,10 YR 6/4
361379,7.5 YR 5/3
361381,10 YR 7/3
361384,10 YR 7/4
361385,10 YR 6/3
361388,2.5 Y 7/3
361389,5 YR 5/4
361840,10 YR 7/3
361842,10 YR 7/3
361849,7.5 YR 6/4
361853,7.5 YR 6/4
363425,7.5 YR 5/3
363426,10 YR 7/3
363428,10 YR 6/3
363429,10 YR 7/3
363430,10 YR 6/3
363436,10 YR 7/3
363440,5 YR 7/4
363442,10 YR 7/3
363443,10 YR 7/3
363446,7.5 YR 6/4
363449,7.5 YR 6/4
363450,10 YR 7/4
363452,10 YR 6/3
363455,10 YR 7/3
363459,10 YR 7/4
363463,7.5 YR 7/4
363464,7.5 YR 5/3
363467,10 YR 7/3
363468,10 YR 7/3
363469,2.5 YR 7/3
363471,10 YR 7/4
363472,10 YR 7/3
363476,5 YR 7/4
363478,10 YR 7/3
363479,7.5 YR 7/4
363480,10 YR 7/3
363481,10 YR 7/4
363482,10 YR 7/4
363483,7.5 YR 5/3
363484,10 YR 7/3
363485,7.5 YR 6/4
363486,10 YR 7/3
363487,7.5 YR 6/4
363489,7.5 YR 7/4
363490,5 YR 6/4
363491,5 YR 6/4
363492,5 YR 6/4
363493,10 YR 7/3
363496,5 YR 6/4
363499,7.5 YR 5/3
362017,10 YR 7/3
362018,10 YR 7/3
362019,2.5 Y 6/3
362020,10 YR 7/4
362021,2.5 Y 7/3
362022,7.5 YR 6/3
362023,10 YR 7/3
362024,10 YR 7/3
362025,10 YR 7/4
362034,10 YR 7/3
362035,10 YR 7/3
362036,10 YR 7/3
362037,10 YR 7/3
362038,2.5 Y 7/3
362026,10 YR 7/4
362027,2.5 Y 6/3
362028,10 YR 7/4
362029,2.5 Y 8/3
362030,10 YR 7/3
362031,7.5 YR 6/4
362032,7.5 YR 7/6
362033,10 YR 7/4
362039,10 YR 7/3
362040,10 YR 6/3
362041,2.5 Y 7/3
362042,10 YR 6/4
362043,10 YR 7/3
362044,2.5 Y 7/3
362045,10 YR 7/3
362046,10 YR 6/3
362047,10 YR 6/4
362056,10 YR 7/3
362057,10 YR 7/3
362058,10 YR 6/3
362059,2.5 Y 7/3
362060,2.5 Y 7/3
362061,10 YR 7/3
362062,10 YR 7/3
362063,2.5 Y 7/3
362064,2.5 Y 7/3
362048,10 YR 7/4
362049,10 YR 7/3
362050,2.5 Y 6/3
362051,10 YR 7/4
362052,10 YR 7/3
362053,10 YR 7/4
362054,10 YR 7/3
362055,10 YR 7/3
363581,2.5 Y 7/3
363590,"2,5 Y 8/3"
363591,10 YR 7/3
363592,"2,5 Y 8/3"
363593,10 YR 7/3
363594,10 YR 7/3
363595,"2,5 Y 7/3"
363596,10 YR 7/4
363597,"2,5 Y 8/3"
363598,"2,5 Y 8/3"
363599,10 YR 7/3
363582,10 YR 7/3
363600,10 YR 6/3
363601,"2,5Y 7/3"
363602,10 YR 7/3
363603,5 YR 6/4
363604,10 YR 7/3
363605,"2,5 Y 7/3"
363606,10 YR 7/3
363607,10 YR 7/3
363608,10 YR 7/3
363609,"7,5 YR 7/4"
363583,"2,5 Y 7/3"
363610,"2,5 Y 7/3"
363611,10 YR 6/3
363612,10 YR 7/3
363613,10 YR 7/3
363614,"2,5 Y 7/3"
363615,"2,5 Y 7/3"
363616,"7,5 YR 6/4"
363617,10 YR 7/3
363618,"7,5 YR 6/4"
363619,"7,5 YR 6/4"
363584,10 YR 7/3
363620,10 YR 7/3
363621,10 YR 7/3
363622,10 YR 7/3
363623,10 YR 7/3
363624,10 YR 6/3
363625,"2,5 Y 7/3"
363626,10 YR 7/3
363627,10 YR 7/4
363628,10 YR 7/3
363629,10 YR 7/3
363585,10 YR 7/3
363630,10 YR 7/3
363631,"7,5 YR 6/3"
363632,10 YR 7/3
363633,10 YR 7/3
363634,10 YR 6/3
363635,10 YR 7/3
363636,10 YR 7/3
363637,"7,5 YR 6/4"
363638,10 YR 8/3
363639,10 YR 7/3
363586,"2,5 Y 7/3"
363640,10 YR 7/3
363641,10 YR 7/3
363642,10 YR 6/4
363587,10 YR 7/3
363588,10 YR 6/3
363589,10 YR 7/3
363643,10 YR 7/3
363652,10 YR 7/3
363653,10 YR 7/3
363654,10 YR 6/3
363655,10 YR 6/3
363656,"2,5 Y 7/3"
363657,"2,5 Y 7/3"
363658,10 YR 6/3
363659,10 YR 6/3
363660,10 YR 7/3
363661,10 YR 7/3
363644,10 YR 7/3
363662,"2,5 Y 7/3"
363663,10 YR 7/3
363664,10 YR 7/3
363665,10 YR 6/3
363666,"2,5 Y 7/3"
363667,5 YR 6/4
363668,10 YR 6/3
363669,10 YR 7/3
363670,"7,5 YR 6/3"
363671,"2,5 Y 7/3"
363645,10 YR 7/3
363672,10 YR 7/3
363673,10 YR 7/3
363674,10 YR 7/3
363675,10 YR 6/3
363676,"2,5 Y 7/3"
363646,10 YR 6/3
363647,10 YR 6/3
363648,10 YR 7/3
363649,"7,5 YR 6/3"
363650,10 YR 7/3
363651,"2,5 Y 7/3"
363677,7.5 YR 6/4
363678,7.5 YR 6/3
363679,10 YR 6/2
363680,7.5 YR 7/3
363681,7.5 YR 6/3
363682,7.5 YR 6/4
363683,7.5 YR 6/3
363684,7.5 YR 6/3
363685,5 YR 6/4
363686,7.5 YR 6/3
363687,7.5 YR 6/3
363688,5 YR 6/4
363689,10 YR 6/2
363690,10 YR 7/3
363691,10 YR 6/3
363692,10 YR 7/3
363693,10 YR 6/3
360535,7.5 YR 6/3
360536,10 YR 7/3
360537,10 YR 7/3
360538,10 YR 7/3
360539,10 YR 6/3
360540,10 YR 6/2
360541,10 YR 6/3
360542,2.5 YR 6/6
360543,10 YR 6/3
360544,5 YR 6/4
360545,5 YR 6/4
360547,10 YR 7/4
360550,10 YR 6/4
360551,7.5 YR 5/2
360553,10 YR 6/4
360557,7.5 YR 7/6
360558,7.5 YR 7/6
360560,7.5 YR 6/6
360563,10 YR 7/4
360564,10 YR 7/4
360477,10 YR 7/4
360479,5 YR 6/6
360480,7.5 YR 6/4
360481,7.5 YR 6/4
360482,10 YR 7/3
360483,10 YR 6/4
360484,7.5 YR 5/4
360485,5 YR 6/6
360486,7.5 YR 6/4
360487,10 YR 5/3
360489,10 YR 6/3
360493,5 YR 6/4
360494,5 YR 6/4
360497,10 YR 7/3
360498,10 YR 7/3
360499,10 YR 7/3
360500,2.5 Y 7/3
360501,10 YR 7/3
360502,2.5 Y 7/3
360503,7.5 YR 6/4
360505,7.5 YR 6/4
360507,10 YR 6/4
360508,10 YR 6/3
360509,2.5 Y 5/2
360510,10 YR 6/4
360511,7.5 YR 6/4
360512,10 YR 6/3
360513,10 YR 7/3
360514,10 YR 7/3
360515,10 YR 7/3
360516,10 YR 5/2
360520,2.5 Y 7/3
360521,10 YR 7/3
360522,10 YR 7/3
360526,10 YR 7/4
360527,2.5 Y 7/3
360528,2.5 YR 6/6
360529,10 YR 6/3
360530,5 YR 6/4
360531,10 YR 7/3
360532,7.5 YR 6/2
360533,5 YR 6/4
360534,5 YR 6/4
363362,10 YR 6/3
363365,10 YR 6/3
363366,10 YR 7/4
363367,10 YR 7/3
363368,10 YR 7/3
363379,7.5 YR 6/4
363372,7.5 YR 6/3
363373,10 YR 7/3
363377,10 YR 7/3
363378,10 YR 6/3
363384,10 YR 7/4
363385,10 YR 7/4
363390,5 YR 6/4
363391,10 YR 7/4
363393,5 YR 6/4
363394,10 YR 7/3
363396,7.5 YR 6/4
363397,10 YR 7/3
363399,10 YR 7/3
363407,2.5 YR 6/6
363410,10 YR 7/3
363411,7.5 YR 6/4
363412,7.5 YR 6/4
363413,10 YR 7/4
363414,5 YR 6/4
363415,2.5 Y 5/3
363416,7.5 YR 6/4
363417,7.5 YR 6/4
363418,7.5 YR 6/4
363419,10 YR 7/4
363420,2.5 Y 7/3
363421,10 YR 7/3
360567,10 YR 7/3
360568,7.5 YR 6/4
360569,10 YR 7/4
360570,10 YR 6/3
360573,5 YR 6/4
360575,2.5 Y 7/4
360578,10 YR 7/3
360579,10 YR 7/3
360580,5 YR 6/4
360583,2.5 YR 6/6
360586,7.5 YR 6/4
360587,7.5 YR 5/4
360588,7.5 YR 7/6
360589,2.5 YR 6/6
360590,10 YR 6/3
360591,5 YR 6/6
360592,10 YR 7/4
360593,5 Y 8/3
360594,10 YR 7/4
360595,10 YR 7/4
360596,7.5 YR 7/3
360597,2.5 Y 6/3
360598,10 YR 7/3
360600,5 Y 8/3
360601,10 YR 7/3
360602,10 YR 7/4
360603,10 YR 7/3
360604,10 YR 7/3
360606,2.5 Y 7/3
360607,7.5 YR 5/3
360610,10 YR 7/3
360612,2.5 Y 7/4
360614,5 Y 7/3
360615,7.5 YR 5/3
360616,5 YR 6/6
360617,5 YR 5/4
360621,7.5 YR 6/4
360631,2.5 Y 7/3
360638,7.5 YR 6/4
360640,10 YR 7/4
360641,2.5 YR 5/6
360645,10 YR 6/4
360646,7.5 YR 6/4
360647,7.5 YR 7/6
360652,10 YR 7/4
360653,10 YR 7/4
360655,7.5 YR 6/4
360656,10 YR 7/4
360658,10 YR 7/3
360665,10 YR 6/2
360666,2.5 Y 5/3
360670,7.5 YR 6/4
360671,5 YR 6/6
360672,10 YR 7/3
360673,10 YR 7/4
360674,2.5 YR 5/6
360675,7.5 YR 6/4
360676,7.5 YR 7/4
360683,7.5 YR 6/4
360689,10 YR 7/4
360690,10 YR 7/3
360358,10 YR 6/4
360359,10 YR 7/4
360360,10 YR 7/3
360362,7.5 YR 5/4
360364,7.5 YR 7/4
360365,10 YR 7/3
360366,10 YR 7/4
360367,2.5 Y 7/3
360368,2.5 Y 7/3
360371,5 YR 6/6
360372,10 YR 7/3
360373,10 YR 7/3
360374,5 YR 6/4
360375,10 YR 6/4
360376,7.5 YR 5/4
360377,2.5 YR 6/6
360378,10 YR 6/3
360379,7.5 YR 7/3
360380,10 YR 6/3
360381,10 YR 6/3
360382,7.5 YR 6/3
360383,10 YR 7/3
360384,10 YR 6/3
360385,10 YR 6/3
360386,10 YR 7/3
360387,10 YR 6/3
360388,10 YR 7/4
360389,10 YR 6/3
360390,7.5 YR 6/3
360392,5 YR 6/4
360395,5 YR 6/6
360397,5 YR 6/6
360398,7.5 YR 6/3
360400,10 YR 7/4
360402,10 YR 6/4
360403,5 YR 6/6
360404,10 YR 7/3
360407,10 YR 7/4
360413,5 YR 5/4
360414,7.5 YR 6/4
360415,10 YR 7/3
360417,10 YR 7/3
360418,5 YR 6/6
360419,10 YR 6/3
360421,2.5 YR 6/6
360422,7.5 YR 6/3
360423,5 YR 6/4
360424,5 Y 7/2
360425,5 Y 7/2
360426,5 Y 7/2
360427,5 Y 7/2
360428,5 Y 7/2
360429,5 Y 7/2
360430,5 YR 6/4
360431,10 YR 7/3
360433,5 YR 6/4
360434,10 YR 6/3
360435,7.5 YR 6/4
360436,2.5 Y 7/3
360061,10 YR 6/4
360065,10 YR 6/4
360070,10 YR 7/3
360071,10 YR 6/3
360078,10 YR 7/3
360080,7.5 YR 7/4
360087,7.5 YR 7/4
360088,10 YR 7/4
360089,10 YR 7/4
360091,5 Y 8/3
360092,10 YR 7/3
360095,7.5 YR 6/3
360103,5 YR 6/6
360106,7.5 YR 6/4
360111,10 YR 7/4
360112,2.5 Y 7/3
360115,5 YR 6/4
360116,2.5 Y 7/4
360118,10 YR 7/4
360119,7.5 YR 6/4
360120,5 YR 6/6
360122,10 YR 7/4
360124,10 YR 7/3
360126,2.5 Y 6/3
360129,10 YR 7/4
360130,7.5 YR 6/4
360131,7.5 YR 6/4
360132,2.5 YR 6/6
360134,5 YR 6/4
360136,10 YR 7/3
360137,10 YR 5/3
360139,7.5 YR 5/4
360140,10 YR 6/4
360141,7.5 YR 6/4
360143,10 YR 6/3
360144,7.5 YR 6/4
360145,5 YR 6/4
360146,10 YR 7/4
360148,2.5 Y 7/3
360150,5 YR 6/4
360152,5 YR 6/4
360153,5 YR 6/6
360154,5 YR 6/6
360155,5 YR 6/4
360156,10 YR 6/3
360158,5 YR 5/3
360159,5 YR 5/4
360160,7.5 YR 7/4
360164,5 YR 5/4
360167,10 YR 7/4
360168,7.5 YR 6/4
360172,7.5 YR 6/6
360173,5 YR 6/4
360174,2.5 Y 7/3
360175,10 YR 7/3
360177,10 YR 6/3
360178,10 YR 7/3
360179,7.5 YR 5/3
360180,5 YR 6/4
360181,7.5 YR 6/4
360183,10 YR 6/3
360185,10 YR 7/3
360186,5 YR 6/4
360191,10 YR 6/3
360196,10 YR 7/3
360197,7.5 YR 6/4
360201,7.5 YR 6/4
360206,2.5 Y 7/3
360207,7.5 YR 6/4
360209,10 YR 7/4
360211,10 YR 6/4
360212,7.5 YR 6/4
360213,10 YR 7/3
360214,7.5 YR 6/4
360215,7.5 YR 6/4
360221,2.5 Y 7/3
360222,10 YR 7/3
360223,5 YR 6/6
360225,7.5 YR 6/4
360226,10 YR 7/3
360227,7.5 YR 5/4
360228,10 YR 7/4
360229,10 YR 7/3
360230,7.5 YR 6/4
360231,5 YR 6/6
360232,10 YR 6/4
360234,10 YR 7/4
360236,10 YR 7/4
360237,10 YR 7/3
360238,7.5 YR 6/4
360239,2.5 Y 7/3
360240,2.5 Y 7/3
360242,7.5 YR 7/4
360244,2.5 YR 5/6
360245,5 YR 6/4
360246,10 YR 6/4
360247,5 YR 6/4
360251,7.5 YR 5/4
360252,5 Y 8/3
360253,10 YR 7/4
360254,10 YR 7/3
360255,7.5 YR 5/3
360259,2.5 YR 6/6
360262,7.5 YR 5/3
360263,7.5 YR 6/4
360264,7.5 YR 6/4
360265,7.5 YR 5/3
360266,10 YR 7/4
360267,10 YR 7/4
360269,7.5 YR 6/3
360271,7.5 YR 6/4
360272,7.5 YR 6/4
360273,7.5 YR 5/3
360274,7.5 YR 6/4
360275,10 YR 7/4
360276,7.5 YR 6/4
360280,10 YR 6/4
360281,10 YR 6/4
360282,10 YR 6/4
360283,10 YR 6/4
360308,10 YR 6/3
360309,10 YR 7/3
360312,10 YR 7/3
360313,10 YR 7/3
360314,10 YR 7/4
360319,10 YR 7/4
360320,7.5 YR 6/4
360324,10 YR 6/3
360325,10 YR 6/4
360328,10 YR 7/4
360330,5 YR 5/6
360331,2.5 Y 7/4
360332,5 YR 6/4
360333,5 YR 6/4
360334,10 YR 7/4
360335,5 YR 6/6
360336,7.5 YR 6/4
360338,10 YR 7/4
360339,7.5 YR 6/4
360341,7.5 YR 6/4
360343,10 YR 7/4
360347,10 YR 6/3
360348,10 YR 7/4
360349,10 YR 7/3
360350,7.5 YR 6/3
360351,7.5 YR 6/3
360352,2.5 YR 5/6
360353,7.5 YR 5/4
360354,"2,5 YR 6/6"
360284,2.5 Y 7/3
360285,10 YR 7/3
360286,5 YR 6/4
360287,7.5 YR 6/4
360288,5 YR 6/4
360289,7.5 YR 6/4
360290,10 YR 7/4
360292,10 YR 6/3
360294,5 YR 6/6
360295,10 YR 7/4
360297,7.5 YR 6/4
360298,10 YR 7/3
360300,7.5 YR 6/3
360301,10 YR 7/3
360302,5 YR 5/4
360303,7.5 YR 6/3
360304,10 YR 7/4
360305,7.5 YR 6/4
364395,10 YR 6/3
364396,10 YR 6/3
364399,7.5 YR 6/4
364401,5 YR 6/6
364403,7.5 YR 7/3
364404,10 YR 7/4
364405,10 YR 6/3
364406,10 YR 6/3
364407,10 YR 7/3
364408,10 YR 7/3
364409,10 YR 6/3
364410,2.5 Y 6/3
364411,10 YR 6/3
364412,10 YR 7/3
364413,10 YR 6/3
364414,10 YR 6/3
364415,10 YR 7/3
364416,10 YR 7/3
364417,10 YR 6/2
364418,10 YR 6/3
364419,10 YR 6/3
364420,2.5 Y 7/3
364421,10 YR 7/3
364422,10 YR 6/4
364423,2.5 Y 7/3
364424,2.5 Y 7/3
364425,10 YR 7/3
364426,10 YR 7/3
364427,7.5 YR 7/3
364428,10 YR 6/3
364429,10 YR 7/4
364434,5 YR 6/4
364435,2.5 Y 7/3
364436,2.5 Y 7/3
364437,10 YR 7/3
364438,10 YR 7/3
364439,10 YR 7/3
364440,2.5 Y 7/3
364441,10 YR 7/3
364442,2.5 Y 7/3
364444,10 YR 7/3
364445,5 YR 7/4
364446,7.5 YR 6/6
364447,10 YR 7/3
360777,2.5 YR 5/4
360778,10 YR 7/3
360780,5 YR 6/4
360782,7.5 YR 6/3
360784,5 YR 6/4
360785,10 YR 7/3
360786,10 YR 7/3
360788,5 YR 5/4
360789,5 YR 6/4
360790,2.5 YR 6/6
360792,7.5 YR 5/4
360794,5 YR 5/4
362228,10 YR 7/4
362230,7.5 YR 6/4
362233,10 YR 7/3
362234,10 YR 7/3
362235,5 YR 6/6
362242,7.5 YR 6/4
362244,7.5 YR 6/4
362246,10 YR 7/4
362250,7.5 YR 6/6
362251,10 YR 7/4
362252,2.5 Y 7/3
362259,7.5 YR 6/4
362261,7.5 YR 6/4
362262,10 YR 7/3
362272,5 YR 6/4
360797,10 YR 7/3
360798,10 YR 7/3
360799,10 YR 6/3
360800,10 YR 7/3
360801,10 YR 7/2
360802,7.5 YR 7/3
360803,10 YR 7/3
360804,10 YR 7/3
360805,2.5 Y 7/3
360806,2.5 Y 7/3
360807,2.5 Y 7/3
360808,10 YR 7/3
360809,10 YR 7/3
360810,2.5 Y 7/3
360811,7.5 YR 6/4
360812,2.5 Y 7/3
360813,5 Y 7/2
360814,10 YR 6/3
360815,10 YR 6/4
360816,7.5 YR 6/4
360817,10 YR 6/3
360818,10 YR 6/3
360819,7.5 YR 5/3
360820,7.5 YR 6/3
360821,10 YR 6/3
360822,10 YR 7/3
360823,10 YR 6/3
360824,10 YR 6/3
360825,10 YR 7/4
360826,10 YR 6/3
360827,10 YR 6/3
360828,7.5 YR 6/3
360829,5 YR 6/3
360830,7.5 YR 6/3
360831,7.5 YR 6/3
360832,7.5 YR 6/3
360833,7.5 YR 6/3
360834,7.5 YR 6/3
360835,2.5 Y 6/3
360836,10 YR 6/3
360837,7.5 YR 6/3
360838,10 YR 7/4
360839,5 YR 5/3
360840,10 YR 7/3
360841,7.5 YR 6/3
360842,10 YR 6/3
360843,10 YR 6/3
360844,10 YR 7/3
360845,10 YR 7/3
360846,2.5 Y 6/3
360847,7.5 YR 6/3
360848,7.5 YR 6/4
360849,10 YR 6/4
360850,7.5 YR 6/4
360851,10 YR 6/3
360852,10 YR 7/4
360853,7.5 YR 6/4
360854,7.5 YR 6/4
360957,5 YR 6/4
360855,7.5 YR 6/4
360961,10 YR 7/3
360956,7.5 YR 6/4
360856,10 YR 7/3
360857,10 YR 7/3
360858,7.5 YR 6/4
360958,7.5 YR 6/4
360859,7.5 YR 6/4
360860,7.5 YR 7/3
360861,7.5 YR 6/4
360862,7.5 YR 6/4
360863,7.5 YR 6/4
360864,7.5 YR 6/4
360865,7.5 YR 6/4
360866,7.5 YR 6/4
360867,10 YR 6/3
360868,10 YR 6/3
360869,7.5 YR 6/4
360870,5 YR 6/4
360959,10 YR 6/4
360871,5 YR 6/4
360872,5 YR 6/4
360873,5 YR 6/4
360874,10 YR 7/3
360875,7.5 YR 7/3
360876,7.5 YR 6/4
360955,7.5 YR 6/4
360960,5 YR 6/4
360877,7.5 YR 6/3
360878,5 YR 6/4
360879,7.5 YR 6/4
360880,5 YR 6/4
360916,5 YR 6/6
360917,7.5 YR 6/4
360881,7.5 YR 6/4
360882,7.5 YR 6/3
360883,7.5 YR 6/4
360884,7.5 YR 5/3
360885,10 YR 7/3
360954,10 YR 7/3
360918,10 YR 6/3
360886,7.5 YR 6/4
360887,7.5 YR 6/4
360888,7.5 YR 6/4
360889,10 YR 6/3
360890,7.5 YR 6/4
360891,5 YR 6/4
360892,5 YR 6/4
360893,7.5 YR 6/4
360894,7.5 YR 6/4
360895,7.5 YR 6/3
360896,10 YR 7/4
360897,10 YR 6/2
360898,7.5 YR 6/4
360899,10 YR 7/3
360900,10 YR 7/4
360901,7.5 YR 6/3
360902,10 YR 7/4
360903,7.5 YR 6/3
360904,5 YR 6/4
360905,10 YR 7/3
360906,10 YR 6/3
360907,7.5 YR 6/4
360908,5 YR 6/4
360909,10 YR 6/3
360910,7.5 YR 6/4
360911,7.5 YR 6/4
360912,7.5 YR 6/6
360913,5 YR 6/6
360919,7.5 YR 6/4
360914,10 YR 6/3
360915,10 YR 6/3
360922,10 YR 7/3
360923,7.5 YR 5/3
360928,10 YR 7/3
360929,7.5 YR 6/4
360930,10 YR 6/2
360931,7.5 YR 6/4
360932,7.5 YR 6/4
360933,10 YR 7/3
360934,10 YR 7/4
360935,5 YR 6/6
360938,5 YR 6/4
360940,10 YR 7/3
360942,10 YR 7/3
360943,7.5 YR 6/4
360944,10 YR 7/3
360945,2.5 Y 5/1
360946,7.5 YR 6/4
360947,5 Y 7/1
360963,2.5 Y 7/3
360964,7.5 YR 6/6
360965,10 YR 6/4
360966,10 YR 7/3
360968,5 YR 5/4
360969,10 YR 7/3
360973,2.5 Y 7/3
360974,10 YR 7/4
360975,10 YR 7/3
360976,10 YR 7/3
360977,10 YR 7/3
360978,10 YR 6/3
360979,10 YR 7/3
360980,7.5 YR 5/3
360987,7.5 YR 6/4
360990,10 YR 7/4
360991,10 YR 5/3
360993,10 YR 7/4
360994,5 YR 4/3
360995,2.5 YR 6/6
360996,10 YR 7/3
360997,2.5 Y 7/3
360998,10 YR 7/3
362902,7.5 YR 7/4
362903,7.5 YR 7/4
362905,2.5 Y 7/4
362906,7.5 YR 7/4
362907,7.5 YR 6/4
362908,7.5 YR 7/3
362909,7.5 YR 6/4
362910,7.5 YR 7/4
362911,5 YR 6/6
362912,10 YR 6/3
362914,7.5 YR 7/3
362915,10 YR 7/3
362924,7.5 YR 6/3
362925,10 YR 7/3
362926,7.5 YR 6/4
362931,10 YR 7/3
362933,2.5 Y 8/3
362935,7.5 YR 6/3
362936,7.5 YR 6/3
362937,5 YR 6/3
362938,10 YR 6/4
362939,10 YR 6/3
362940,7.5 YR 7/4
362941,7.5 YR 6/3
362942,7.5 YR 6/4
362943,7.5 YR 6/4
362944,10 YR 7/3
362946,10 YR 7/4
362947,5 YR 6/6
362948,10 YR 7/4
362952,10 YR 7/3
362953,10 YR 7/3
362954,5 YR 6/4
362961,10 YR 7/3
362964,10 YR 7/1
362965,2.5 Y 8/3
362966,2.5 Y 8/3
362969,5 YR 5/3
362970,10 YR 7/3
362971,2.5 YR 7/3
362977,7.5 YR 6/3
362978,5 YR 6/6
362979,5 YR 5/3
362982,10 YR 6/3
362987,7.5 YR 6/4
362988,2.5 YR 6/4
362989,10 YR 7/4
362993,10 YR 7/6
362994,10 YR 7/3
362995,10 YR 7/4
363260,7.5 YR 6/4
363263,10 YR 8/3
363264,10 YR 7/3
363265,7.5 YR 6/4
363266,10 YR 7/3
363267,7.5 YR 6/4
363270,5 YR 6/4
363271,10 YR 6/3
363272,2.5 YR 6/6
363273,7.5 YR 6/4
363274,7.5 YR 6/4
363275,7.5 YR 6/2
363277,7.5 YR 6/6
363278,10 YR 7/3
363279,10 YR 7/4
363281,10 YR 7/3
363283,10 YR 8/3
363284,7.5 YR 7/4
363285,7.5 YR 7/4
363289,5 YR 6/4
363290,2.5 Y 7/3
363292,5 YR 6/4
363293,2.5 Y 7/3
363294,2.5 Y 8/3
363295,7.5 YR 6/6
363298,7.5 YR 6/4
363300,10 YR 7/3
363301,5 YR 6/4
363305,2.5 YR 6/6
363316,5 YR 6/6
363319,10 YR 6/4
363320,2.5 Y 7/3
362998,10 YR 6/3
363258,7.5 YR 6/4
363000,7.5 YR 6/3
363008,7.5 YR. 6/4
363009,10 YR 7/4
363010,7.5 YR 6/4
363011,10 YR 7/4
363012,10 YR 7/4
363013,10 YR 6/4
363016,7.5 YR 6/4
363024,10 YR 6/4
363028,7.5 YR 6/4
363044,10 YR 7/3
363045,10 YR 7/4
363046,7.5 YR 7/4
363047,7.5 YR 6/4
362836,10 YR 7/3
362837,10 yr 7/3
362838,10 YR 7/4
362839,2.5 Y 7/3
362846,10 YR 7/3
362847,10 YR 7/3
362850,5 YR 6/4
362851,7.5 YR 7/4
362853,10 YR 6/3
362854,5 YR 6/3
362856,5 YR 6/4
362857,7.5 YR 6/4
362858,5 YR 6/6
362859,10 YR 6/3
362860,2.5 Y 7/3
362874,7.5 YR 6/4
362878,7.5 YR 6/3
363057,10 YR 7/4
363058,5 YR 6/4
363059,2.5 Y 7/3
363063,10 YR 6/2
363064,10 YR 7/3
363065,10 YR 7/3
363066,5 YR 6/3
363067,10 YR 7/3
363068,7.5 YR 6/4
363070,10 YR 6/4
363075,7.5 YR 5/3
363076,7.5 YR 6/4
363077,7.5 YR 6/4
363078,5 YR 6/4
363082,5 YR 6/6
363083,5 YR 5/4
363084,7.5 YR 6/4
363085,5 Y 8/3
362738,5 YR 6/4
362740,5 YR 6/4
362744,10 YR 8/4
362745,5 YR 6/4
362747,10 YR 7/3
362748,5 YR 6/4
362751,7.5 YR 6/4
362755,10 YR 7/4
362760,5 YR 6/4
362761,5 Y 6/1
362762,7.5 YR 6/4
362763,7.5 YR 6/3
362764,7.5 YR 6/4
362765,2.5 Y 5/1
362766,2.5 Y 5/1
362767,7.5 YR 4/1
362768,7.5 YR 5/2
362769,5 YR 5/3
362770,5 YR 6/4
362771,10 YR 7/2
362772,2.5 Y 7/3
362773,5 YR 6/4
362774,10 YR 6/2
362775,5 YR 6/4
362776,2.5 Y 7/3
362777,5 YR 6/3
362783,2.5Y 7/3
362784,10YR 7/3
362786,5YR 6/4
362787,5YR 6/4
362788,7.5YR 6/4
362789,7.5YR 6/4
362790,7.5YR 6/4
362791,7.5YR 7/4
362792,10YR 7/3
362793,5YR 5/3
362797,5YR 6/4
362798,10YR 7/3
362801,10YR 7/3
362802,10YR 7/3
362803,2.5YR 6/6
362804,2.5Y 7/3
362805,10YR 7/3
362811,5 YR 6/4
362813,2.5 Y 7/3
362814,2.5 Y 8/3
362816,10 YR 7/4
362819,7.5 YR 6/4
362828,10 YR 6/3
362829,2.5 YR 5/4
362831,7.5 YR 6/4
362834,2.5 Y 7/3
362835,7.5 YR 6/4
362881,2.5 Y 7/3
362882,10 YR 6/4
362884,5 YR 6/6
362885,7.5 YR 6/4
362886,10 YR 6/3
362887,7.5 YR 6/4
362888,10 YR 7/3
362890,7.5 YR 6/4
362899,7.5 YR 6/4
362900,10 YR 6/3
363698,10 YR 7/3
363701,10 YR 7/3
363703,7.5 YR 6/4
363704,7.5 YR 6/4
363705,7.5 YR 6/4
363707,5 YR 6/4
363711,5 Y 7/3
363712,2.5 YR 5/6
363713,7.5 YR 5/3
363714,10 YR 6/3
363715,10 YR 6/3
363716,10 YR 6/3
363717,2.5 YR 7/3
363718,10 YR 7/3
363719,2.5 YR 7/3
363720,10 YR 7/3
363721,2.5 Y 7/3
363722,2.5 Y 7/3
363723,10 YR 7/3
363724,10 YR 7/3
363725,10 YR 6/3
363726,10 YR 8/3
363727,2.5 Y 7/2
363728,10 YR 7/3
363729,10 YR 7/3
363730,7.5 YR 7/4
363731,2.5 Y 7/3
363732,7.5 YR 7/4
363733,10 YR 7/3
363734,10 YR 7/4
363735,10 YR 7/4
363736,10 YR 7/3
363737,2.5 YR 7/3
363738,2.5 YR 7/3
363739,10 YR 7/4
363740,10 YR 7/3
363741,2.5 YR 7/3
363742,10 YR 7/3
363743,2.5 YR 7/3
363744,10 YR 8/4
363745,10 YR 8/4
363746,7.5 YR 7/4
363747,10 YR 7/3
363748,10 YR 7/3
363749,10 YR 7/3
363750,2.5 YR 7/3
363751,2.5 YR 7/3
363752,10 YR 7/3
363753,2.5 YR 7/3
363754,10 YR 7/3
363755,10 YR 7/3
363756,10 YR 7/3
363757,10 YR 6/3
363758,10 YR 7/3
363759,2.5 YR 7/2
363760,2.5 YR 7/3
363761,2.5 YR 8/3
363762,2.5 Y 8/3
363763,7.5 YR 7/4
363764,5 Y 8/3
363765,10 YR 7/4
363766,5 YR 6/4
363767,7.5 YR 5/4
363768,10 YR 7/3
363769,10 YR 7/4
363770,10 YR 7/4
363771,10 YR 7/4
363772,2.5 Y 7/4
363773,7.5 YR 6/4
363774,2.5 Y 7/3
363775,10 YR 7/3
363776,10 YR 7/4
363777,2.5 Y 7/3
363778,7.5 YR 6/4
363779,7.5 YR 6/3
363780,7.5 YR 6/6
363781,10 YR 7/4
363782,7.5 YR 6/3
363789,7.5 YR 6/4
363790,7.5 YR 6/3
363793,7.5 YR 6/4
363794,10 YR 6/3
363796,10 YR 7/3
363800,7.5 YR 6/4
363801,7.5 YR 6/4
363802,7.5 YR 6/4
363803,7.5 YR 6/4
363806,5 YR 6/6
363807,7.5 YR 6/4
359826,10 YR 7/3
363088,10 YR 7/3
363089,10 YR 7/3
363090,2.5 Y 7/3
363091,2.5 Y 7/2
363092,7.5 YR 7/3
363093,2.5 YR 7/2
363094,10 YR 7/3
363097,10 YR 7/1
363098,2.5 Y 7/2
363100,10 YR 7/3
363101,7.5 YR 6/4
363102,7.5 YR 6/3
363110,7.5 YR 7/4
363112,2.5 Y 8/3
363113,2.5 Y 7/3
363114,5 YR 6/4
363116,7.5 YR 7/4
363118,10 YR 7/3
363119,7.5 YR 6/4
363120,2.5 Y 8/3
363122,10 YR 7/3
363123,2.5 Y 7/3
363127,5 YR 7/6
363128,7.5 YR 6/4
363130,7.5 YR 5/3
363133,2.5 Y 7/3
363134,7.5 YR 5/3
363136,10 YR 7/3
363139,10 YR 7/4
363141,10 YR 7/4
363144,5 YR 6/6
363145,7.5 YR 6/3
363146,7.5 YR 6/4
363152,10 YR 7/3
363153,10 YR 7/4
363154,10 YR 7/4
363155,5 YR 6/6
363158,7.5 YR 7/4
363160,10 YR 7/4
363161,5 YR 6/4
363162,10 YR 6/3
363168,10 YR 6/3
363169,7.5 YR 6/4
363170,10 YR 5/2
363174,10 YR 7/4
363178,10 YR 7/3
363179,10 YR 7/4
363185,10 YR 7/3
363186,7.5 YR 6/3
363187,5 YR 6/4
363199,7.5 YR 6/4
363200,7.5 YR 6/4
363201,7.5 YR 7/4
363205,10 YR 7/3
363206,2.5 Y 6/2
363207,10 YR 7/4
363208,2.5 YR 5/6
363210,5 Y 7/2
363212,10 YR 7/3
363213,10 YR 7/4
363214,2.5 Y 7/3
363216,7.5 YR 7/4
363218,7.5 YR 6/4
363219,10 YR 7/3
363220,10 YR 7/3
363226,5 YR 5/4
363231,7.5 YR 7/3
363232,10 YR 7/2
363233,10 YR 7/4
363234,10 YR 6/4
363235,10 YR 7/3
363236,10 YR 6/4
363239,5 YR 6/4
363244,2.5 YR 6/6
363246,5 YR 6/6
363251,2.5 Y 7/3
363255,5 YR 6/3
363256,5 YR 5/3
362624,7.5 YR 6/4
362633,5 YR 6/4
362634,10 YR 7/3
362635,5 YR 6/4
362639,10 YR 7/3
362640,7.5 YR 6/4
362641,10 YR 7/3
362647,7.5 YR 6/4
362649,7.5 YR 6/4
362651,2.5 YR 5/4
362652,2.5 YR 5/4
362653,7.5 YR 5/4
362658,10 YR 6/3
362659,5 YR 6/4
362660,10 YR 7/3
362661,10 YR 6/4
362662,2.5 YR 7/2
362663,7.5 YR 7/3
362664,10 YR 7/4
362665,5 YR 6/4
362669,5 YR 6/4
362670,5 YR 6/4
362672,2.5 YR 6/4
362673,7.5 YR 7/4
362674,5 YR 5/6
362677,2.5 YR 5/4
362678,10 YR 6/2
362679,10 YR 6/2
362680,7.5 YR 6/4
362683,2.5 Y 8/3
362688,7.5 YR 6/4
362695,7.5 YR 6/6
362696,7.5 Y 6/3
362697,10 YR 7/3
362698,2.5 Y 7/3
362699,2.5 Y 7/3
362700,10 YR 7/3
362701,7.5 YR 6/4
362702,10 YR 7/3
362703,10 YR 7/3
362704,10 YR 7/3
362705,10 YR 6/3
362706,2.5 Y 7/3
362707,10 YR 7/4
362708,10 YR 7/3
362709,2.5 Y 7/3
362710,10 YR 7/3
362711,10 YR 7/3
362712,10 YR 7/3
362713,10 YR 7/3
362714,10 YR 7/3
362715,10 YR 7/3
362716,5 YR 6/6
362717,10 YR 7/3
362718,10 YR 7/3
362719,10 YR 6/3
362720,10 YR 7/3
362721,10 YR 7/3
362722,10 YR 7/3
362723,2.5 Y 7/3
362724,10 YR 7/3
362725,10 YR 7/3
362726,2.5 Y 7/3
362727,10 YR 7/3
362728,10 YR 7/3
362729,10 YR 7/4
362730,10 YR 6/3
362731,10 YR 7/3
362732,10 YR 7/4
362733,10 YR 7/3
362734,10 YR 7/3
362735,2.5 Y 7/3
362736,2.5 Y 7/3
362737,10 YR 7/3
359802,2.5 Y 7/4
359803,7.5 YR 7/4
359804,2.5 YR 6/6
359808,7.5 YR 5/3
359816,2.5 Y 7/3
359817,2.5 Y 7/3
359819,5 YR 6/6
359820,5 YR 6/4
359821,5 YR 6/4
359822,7.5 YR 6/4
359823,7.5 YR 5/3
359824,5 YR 6/4
359825,10 YR 7/4
359827,10 YR 7/3
359828,5 YR 6/4
359829,7.5 YR 6/3
359830,10 YR 6/4
359831,5 YR 6/4
359832,7.5 YR 6/4
359834,2.5 Y 7/3
359835,2.5 Y 7/3
359836,2.5 Y 7/3
359837,2.5 Y 7/3
359838,2.5 Y 7/3
359839,2.5 Y 7/3
359840,2.5 Y 7/3
359841,2.5 Y 7/3
359842,2.5 Y 7/3
359843,2.5 Y 7/3
359844,2.5 Y 7/3
359845,2.5 Y 7/3
359846,2.5 Y 7/3
359847,2.5 Y 7/3
359848,2.5 Y 7/3
359849,2.5 Y 7/3
359850,2.5 Y 7/3
359851,2.5 Y 7/3
359852,2.5 Y 7/3
359853,2.5 Y 7/3
359854,2.5 Y 7/3
359855,2.5 Y 7/3
359856,2.5 Y 7/3
359857,2.5 Y 7/3
359858,2.5 Y 7/3
359859,2.5 Y 7/3
359860,2.5 Y 7/3
359861,2.5 Y 7/3
359862,2.5 Y 7/3
359863,2.5 Y 7/3
359864,2.5 Y 7/3
359865,2.5 Y 7/3
359866,2.5 Y 7/3
359867,2.5 Y 7/3
359868,2.5 Y 7/3
359869,2.5 Y 7/3
359870,2.5 Y 7/3
359871,2.5 Y 7/3
359872,2.5 Y 7/3
359873,2.5 Y 7/3
359874,2.5 Y 7/3
359875,2.5 Y 7/3
359876,2.5 Y 7/3
359877,2.5 Y 7/3
359878,2.5 Y 7/3
359879,2.5 Y 7/3
359880,2.5 Y 7/3
359881,2.5 Y 7/3
359882,2.5 Y 7/3
359883,2.5 Y 7/3
359884,2.5 Y 7/3
359885,2.5 Y 7/3
359886,2.5 Y 7/3
359887,2.5 Y 7/3
359888,2.5 Y 7/3
359889,10 YR 6/3
359890,10 YR 7/3
359891,10 YR 6/3
359892,10 YR 7/3
359896,10 YR 7/4
359897,10 YR 7/3
359898,10 YR 6/3
359899,2.5 Y 7/3
359900,2.5 Y 7/3
359901,10 YR 6/4
359902,10 YR 7/3
359903,10 YR 7/4
359904,2.5 Y 8/3
359905,10 YR 7/3
359906,7.5 YR 6/4
359907,2.5 Y 7/3
359657,10 YR 7/3
359658,10 YR 7/3
359660,10 YR 7/2
359661,2.5 Y 7/3
359673,10 YR 7/3
359674,7.5 YR 7/4
359676,10 YR 7/3
359677,2.5 YR 6/6
359679,10 YR 7/4
359680,10 YR 7/3
359683,10 YR 7/3
359687,2.5 Y 7/3
359688,10 YR 7/3
359690,10 YR 7/2
359691,10 YR 7/3
359693,5 YR 6/4
359694,10 YR 7/4
359695,10 YR 7/4
359697,5 YR 6/4
359698,7.5 YR 6/4
359700,7.5 YR 6/3
359701,5 YR 6/6
359702,7.5 YR 5/3
359703,7.5 YR 6/4
359704,5 YR 6/6
359705,7.5 YR 7/4
359706,10 YR 6/3
359707,7.5 YR 6/3
359708,10 Y 7/3
359718,10 YR 7/3
359722,10 YR 7/4
359724,7.5 YR 6/4
359725,2.5 Y 7/3
359726,10 YR 7/3
359727,2.5 Y 7/3
359728,5 YR 6/6
359729,5 YR 6/6
359731,10 YR 7/4
359732,10 YR 7/3
359733,10 YR 7/4
359734,10 YR 7/3
359735,10 YR 7/3
359736,7.5 YR 6/4
359737,7.5 YR 6/4
359738,7.5 YR 6/3
359739,10 YR 6/3
359740,10 YR 7/3
359741,2.5 Y 7/3
359742,10 YR 7/3
359743,2.5 Y 7/3
359744,2.5 Y 7/3
359745,2.5 Y 8/3
359746,10 YR 7/3
359747,10 YR 7/3
359748,5 YR 6/4
359750,10 YR 7/3
359752,10 YR 7/3
359753,7.5 YR 6/3
359754,7.5 YR 6/4
359755,10 YR 7/3
359756,5 YR 6/4
359757,5 YR 6/6
359758,7.5 YR 6/4
359760,7.5 YR 6/4
359761,5 YR 6/6
359764,10 YR 7/4
359765,7.5 YR 6/4
359767,10 YR 7/3
359771,10 YR 7/3
359772,10 YR 7/3
359773,7.5 YR 6/3
359774,7.5 YR 7/4
359775,7.5 YR 6/4
359776,7.5 YR 6/4
359777,10 YR 7/3
359788,10 YR 6/3
359789,10 YR 7/3
363908,5 YR 5/4
363909,2.5 YR 4/8
363910,2.5 Y 7/3
363912,5 YR 6/6
363914,10 YR 7/4
363917,5 YR 6/6
363918,5 YR 6/4
363919,10 YR 7/4
363920,5 YR 6/4
363921,10 YR 7/4
363922,7.5 YR 7/3
363923,7.5 YR 6/4
363924,7.5 YR 5/4
363925,10 YR 7/3
363926,5 YR 6/6
363941,7.5 YR 6/2
363944,10 YR 6/3
360437,2.5 Y 6/3
360438,2.5 Y 6/3
360440,2.5 Y 7/2
360441,5 YR 6/4
360442,10 YR 6/3
360443,5 YR 6/3
360444,10 YR 6/3
360445,7.5 YR 6/4
360447,5 YR 5/4
360450,7.5 YR 5/3
360451,7.5 YR 6/3
360455,5 YR 5/4
360456,7.5 YR 6/4
360457,10 YR 7/3
360459,7.5 YR 6/4
360460,5 YR 6/6
360461,10 YR 7/3
360463,10 YR 7/3
360464,7.5 YR 6/3
360465,7.5 YR 5/3
360469,10 YR 7/4
360470,7.5 YR 7/4
360474,10 YR 7/3
360475,5 YR 6/6
360476,2.5 YR 4/3
359911,7.5 YR 6/4
359915,7.5 YR 6/4
359917,7.5 YR 6/4
359919,10 YR 7/3
359922,5 YR 6/4
359923,7.5 YR 6/4
359924,10 YR 7/3
359926,10 YR 7/3
359929,7.5 YR 7/6
359930,10 YR 7/4
359932,10 YR 7/4
359933,5 YR 6/6
359934,7.5 YR 6/4
359937,5 YR 6/4
364001,2.5 Y 7/3
364004,10 YR 7/3
364005,5 YR 6/4
364011,5 YR 7/4
364013,7.5 YR 6/4
364014,10 YR 7/3
364015,10 YR 7/3
364016,7.5 YR 5/3
364018,5 YR 6/4
364019,2.5 Y 8/3
364020,10 YR 7/3
364021,2.5 Y 7/3
364022,7.5 YR 6/4
364023,10 YR 7/3
364024,2.5 Y 7/2
364025,7.5 YR 7/4
364026,10 YR 7/3
364027,7.5 YR 6/4
364028,2.5 Y 7/3
364029,10 YR 7/3
364030,2.5 Y 7/3
364031,10 YR 7/3
364032,10 YR 7/3
364033,10 YR 7/3
364034,10 YR 7/3
322869,10 YR 7/3
325903,10 YR 7/3
326045,2.5 Y 8/4
326224,2.5 Y 7/3
326226,10 YR 7/3
326238,2.5 Y 7/3
326240,7.5 YR 6/4
328135,10 YR 6/3
365064,10 YR 6/3
365065,5YR 6/6
329315,10 YR 7/3
334252,7.5 YR 6/3
345263,10 YR 7/3
365070,7.5 YR 6/3
365026,10 YR 7/4
334408,5 YR 6/4
365027,10 YR 6/4
365034,10 YR 7/3
334412,10 YR 7/3
334413,10 YR 5/3
334414,10 YR 7/3
365074,7.5 YR 6/4
334416,10 YR 7/3
334417,10 YR 6/3
334418,5 YR 5/4
363568,7.5 YR 6/4
363569,10 YR 7/3
363570,7.5 YR 6/4
363571,10 YR 8/3
363572,10 YR 7/2
363573,5 Y 8/2
363574,5 Y 8/2
363575,10 YR 6/4
363576,2.5 Y 8/2
363577,2.5 Y 7/3
363578,5 Y 8/3
363579,7.5 YR 7/3
363580,5 YR 6/4
365238,10YR 7/3
365239,10YR 7/3
365243,5YR 6/4
365244,5YR 6/4
365245,10YR 7/3
365247,7.5YR 6/4
365019,7.5YR 7/4
365130,7.5YR 6/4
349862,7.5YR 6/4
361002,7.5 YR 6/4
361003,7.5 YR 6/4
361004,7.5 YR 6/4
361005,7.5 YR 6/4
361006,10 YR 7/4
361007,10 YR 7/4
361055,2.5 Y 7/3
361056,7.5 YR 7/6
361057,7.5 YR 6/4
361058,2.5 Y 8/4
361059,2.5 Y 8/4
361060,7.5 YR 6/4
361061,10 YR 7/3
361062,10 YR 7/4
361063,10 YR 7/4
361064,7.5 YR 7/6
361065,2.5 YR 5/6
361066,10 YR 7/4
361067,7.5 YR 6/4
361068,5 YR 6/6
361069,5 YR 6/6
361070,2.5 Y 7/4
361071,5 Y 8/3
361072,2.5 Y 7/4
361073,7.5 YR 5/4
361074,5 YR 6/6
361075,10 YR 7/4
361076,7.5 YR 6/3
361077,10 YR 7/4
361078,5 YR 6/6
361079,5 YR 6/4
361080,10 YR 7/3
361081,7.5 YR 6/4
361082,10 YR 7/4
361083,2.5 YR 5/6
361084,2.5 YR 5/6
361085,2.5 Y 7/4
361086,2.5 Y 8/3
361087,7.5 YR 6/6
361088,7.5 YR 6/3
361089,5 YR 6/6
361090,10 YR 8/4
361091,7.5 YR 6/6
361092,7.5 YR 6/4
361093,7.5 YR 6/4
361094,10 YR 7/4
361095,5 YR 6/6
361096,7.5 YR 5/4
361097,7.5 YR 6/4
361100,7.5 YR 6/3
361101,7.5 YR 6/4
361102,10 YR 7/4
361103,2.5 Y 7/3
361105,2.5 Y 7/3
361106,5 YR 6/6
361107,5 YR 6/6
361108,5 YR 6/6
361109,5 YR 6/4
361110,5 YR 6/6
361111,7.5 YR 6/4
361112,2.5 Y 8/4
361113,7.5 YR 6/4
361114,5 YR 6/6
361115,10 YR 7/4
361116,7.5 YR 6/4
361117,7.5 YR 6/4
361118,7.5 YR 6/4
361119,2.5 YR 5/6
361120,5 YR 6/6
361121,10 YR 7/4
361123,10 YR 7/3
361124,10 YR 8/4
361125,5 YR 5/6
361126,10 YR 7/4
361127,10 YR 7/3
361128,5 YR 6/4
361129,5 YR 6/6
361130,5 YR 6/6
361131,7.5 YR 7/4
361132,10 YR 7/4
326230,10 YR 7/4
361133,10 YR 7/4
361134,7.5 YR 6/4
361135,7.5 YR 6/4
361136,10 YR 7/3
361137,10 YR 7/4
361138,10 YR 7/4
361139,7.5 YR 6/6
361140,10 YR 7/4
361141,7.5 YR 7/6
361142,5 YR 5/4
361143,5 YR 6/6
361144,2.5 YR 5/4
361145,10 YR 6/2
361146,5 YR 6/6
361147,7.5 YR 6/4
361148,10 YR 7/4
361150,5 YR 5/4
361151,5 YR 6/6
361153,5 YR 6/6
361154,5 YR 6/6
361158,7.5 YR 6/4
361159,5 YR 6/4
361160,10 YR 7/4
361161,2.5 Y 7/3
361162,7.5 YR 6/6
361163,5 YR 6/6
361168,7.5 YR 5/4
361169,10 YR 6/3
361170,10 YR 7/4
361171,7.5 YR 7/3
361172,10 YR 7/4
361174,5 Y 7/3
361175,7.5 YR 5/4
361176,7.5 YR 5/4
361177,7.5 YR 5/4
361178,2.5 Y 7/4
361179,5 Y 8/3
361180,5 YR 6/6
361181,5 Y 7/4
361182,5 Y 7/4
361183,5 YR 6/4
361185,10 YR 7/4
361186,5 YR 6/6
361187,5 Y 7/3
361188,5 Y 7/3
361189,10 YR 7/4
361190,2.5 YR 5/6
361191,7.5 YR 6/4
361192,5 YR 6/6
361193,10 YR 7/4
361194,7.5 YR 6/4
361195,7.5 YR 6/4
361199,7.5 YR 6/4
361200,5 YR 6/6
361201,7.5 YR 5/2
361203,7.5 YR 6/4
361204,10 YR 7/4
361205,10 YR 6/3
361568,10 YR 7/2
361458,10 YR 6/3
361459,5 YR 6/6
361460,10 YR 7/3
361461,10 YR 6/4
361462,7.5 YR 6/4
361463,7.5 YR 6/4
361464,7.5 YR 6/6
361465,7.5 YR 6/4
361466,7.5 YR 6/4
361467,2.5 Y 7/3
361468,7.5 YR 6/4
361469,7.5 YR 6/3
361470,10 YR 7/3
361471,10 YR 7/4
361472,10 YR 6/3
361473,7.5 YR 6/3
361474,10 YR 6/3
361475,5 YR 6/4
361476,7.5 YR 6/4
361477,10 YR 7/3
361478,7.5 YR 6/4
361479,10 YR 7/3
361480,5 YR 5/6
361481,7.5 YR 6/4
361482,5 YR 6/4
361483,10 YR 6/3
361484,2.5 Y 7/3
361485,7.5 YR 6/3
361486,7.5 YR 6/4
361487,10 YR 7/4
361488,10 YR 7/3
361489,10 YR 7/3
361490,10 YR 7/3
361491,10 YR 7/4
361492,5 YR 6/6
361493,7.5 YR 5/3
361494,10 YR 7/3
361495,10 YR 7/3
361496,10 YR 7/4
361497,5 YR 5/6
361498,5 YR 5/6
361499,10 YR 7/3
361500,10 YR 7/3
361501,10 YR 7/4
361502,10 YR 7/3
361503,10 YR 6/2
361504,5 YR 6/4
361505,7.5 YR 6/4
361506,7.5 YR 6/4
361507,10 YR 6/3
361508,7.5 YR 6/4
361509,10 YR 6/3
361510,7.5 YR 6/4
361511,10 YR 7/3
361512,5 Y 7/2
361513,7.5 YR 6/3
361514,10 YR 7/3
361515,2.5 Y 7/3
361516,7.5 YR 6/3
361517,10 YR 7/3
361518,7.5 YR 6/3
361519,5 YR 5/3
361520,5 YR 5/3
361521,10 YR 7/3
361522,10 YR 7/2
361523,10 YR 7/3
361524,7.5 YR 6/4
361525,5 YR 6/4
361526,10 YR 6/3
361527,5 YR 5/3
361528,10 YR 6/3
361529,7.5 YR 6/3
361530,7.5 YR 5/3
361531,7.5 YR 5/3
361532,7.5 YR 7/3
361533,5 YR 5/3
361534,5 YR 6/3
361535,7.5 YR 6/4
361536,5 YR 6/3
361537,7.5 YR 6/4
361538,7.5 YR 7/4
361539,5 YR 6/4
361540,5 YR 6/4
361541,7.5 YR 6/3
361542,10 YR 7/3
361543,10 YR 7/3
361544,7.5 YR 6/4
361545,7.5 YR 6/4
361546,10 YR 6/3
361547,10 YR 6/3
361548,10 YR 7/3
361549,7.5 YR 6/2
361550,7.5 YR 6/3
361551,2.5 Y 7/3
361552,7.5 YR 7/3
361553,5 YR 6/6
361554,7.5 YR 6/3
361570,10 YR 6/3
361555,10 YR 5/2
361556,7.5 YR 6/4
361557,10 YR 6/2
361558,10 YR 7/3
361559,5 YR 6/3
361560,7.5 YR 6/3
361561,2.5 Y 5/3
361562,10 YR 6/3
361563,7.5 YR 6/3
361564,5 YR 5/2
361565,5 YR 6/4
361566,10 YR 7/4
361567,10 YR 6/2
361569,10 YR 7/3
361571,7.5 YR 6/3
361572,10 YR 6/3
361573,10 YR 7/3
361574,10 YR 6/2
361575,7.5 YR 6/3
361576,7.5 YR 6/3
361577,7.5 YR 7/2
361578,7.5 YR 6/4
361579,10 YR 6/3
361580,10 YR 6/2
361581,10 YR 7/3
361582,7.5 YR 6/3
361583,7.5 YR 6/3
361584,7.5 YR 7/3
361585,7.5 YR 6/4
361586,10 YR 7/3
361587,10 YR 6/3
361588,10 YR 7/3
361589,7.5 YR 5/3
361590,7.5 YR 6/3
361591,2.5 Y 7/2
361592,10 YR 6/2
361593,10 YR 6/3
361594,5 YR 5/3
362386,5YR 6/4
362387,7.5YR 6/3
362388,7.5YR 6/3
362389,7.5YR 6/4
362390,5YR 6/4
362391,5YR 7/3
362392,10YR 6/3
362393,7.5YR 6/3
362394,7.5YR 6/3
362395,7.5YR 6/2
362396,10YR 7/3
362397,7.5YR 6/3
362398,10YR 7/3
362399,7.5YR 5/3
362400,7.5YR 6/4
362401,5YR 6/4
362402,7.5YR 6/3
362403,7.5YR 6/4
362404,7.5YR 5/3
362405,7.5YR 6/3
362406,7.5YR 6/4
362407,7.5YR 6/4
362408,7.5YR 6/3
362409,10YR 6/2
362410,7.5YR 6/3
362411,10YR 6/4
362412,7.5YR 6/4
362413,7.5YR 6/3
362414,10YR 6/3
362415,7.5YR 6/3
362416,10YR 7/3
362417,7.5YR 6/4
362418,10YR 6/2
362419,5YR 5/3
362420,7.5YR 6/3
362421,"7,5YR 6/3"
362422,"7,5YR 6/6"
362423,10YR 7/2
362424,10YR 7/3
362425,7.5YR 6/3
362426,10YR 7/3
362427,7.5YR 5/3
362428,10YR 7/3
362429,7.5YR 6/3
362430,7.5YR 6/3
362431,7.5YR 6/4
362432,10YR 6/3
362433,7.5YR 6/3
362434,7.5YR 6/4
362435,2.5Y 6/3
362436,7.5YR 6/2
362437,2.5Y 6/3
362438,10YR 6/3
362439,7.5YR 6/3
362440,5YR 6/4
362441,2.5Y 7/2
362442,7.5YR 5/3
362443,10YR 6/2
362444,5YR 6/4
362445,10YR 5/4
362446,10YR 6/3
362447,"7,5YR 6/4"
362448,7.5YR 6/3
362449,7.5YR 6/3
362450,5YR 7/3
362451,7.5YR 6/3
362452,5YR 6/3
362453,7.5YR 5/3
362454,5YR 6/3
362455,7.5YR 6/3
362456,10YR 6/3
362457,10YR 6/2
362458,10YR 6/2
362459,7.5YR 6/3
362460,5YR 5/4
362461,10YR 7/3
362462,5YR 6/4
361595,7.5 YR 6/4
361596,7.5 YR 6/3
361597,7.5 YR 6/3
361598,2.5 Y 6/3
361599,10 YR 7/3
361600,7.5 YR 6/4
361601,7.5 YR 7/4
361602,7.5 YR 6/3
361603,10 YR 6/3
361604,10 YR 7/3
361605,7.5 YR 7/4
361606,7.5 YR 6/4
361607,7.5 YR 6/4
361608,10 YR 7/4
361609,7.5 YR 6/4
361610,10 YR 7/3
361611,10 YR 6/3
361612,5 YR 5/3
361613,2.5 Y 8/2
361614,5 YR 6/4
361615,7.5 YR 6/3
361616,10 YR 6/3
361617,10 YR 7/2
361618,7.5 YR 6/4
361619,5 YR 6/4
361620,10 YR 6/2
361621,10 YR 7/3
361622,7.5 YR 6/3
361623,10 YR 7/3
361624,5 YR 6/6
361625,10 YR 7/2
361626,7.5 YR 6/4
361627,10 YR 7/3
361628,2.5 Y 7/2
361629,5 Y 7/2
361630,10 YR 5/2
361631,10 YR 6/3
361632,10 YR 7/3
361633,10 YR 6/4
361634,7.5 YR 6/3
361635,7.5 YR 6/3
361636,2.5 Y 7/2
361637,7.5 YR 6/3
361638,7.5 YR 6/4
361639,10 YR 7/3
361640,5 YR 6/4
361641,10 YR 7/3
361642,7.5 YR 6/4
361643,10 YR 7/3
361644,5 YR 6/3
361645,10 YR 7/3
361646,10 YR 6/2
361647,10 YR 7/3
361648,5 YR 6/4
361649,5 YR 6/4
361650,7.5 YR 6/3
362463,10 YR 6/2
362464,10YR 7/3
362465,7.5YR 6/3
362466,10YR 6/3
362467,10YR 6/2
362468,7.5YR 6/3
362469,10YR 6/2
362470,7.5YR 6/3
362471,7.5YR 6/3
362472,7.5YR 6/3
362473,5YR 6/4
362474,10YR 7/3
362475,10 YR 6/3
362476,10YR 7/3
362477,10YR 6/2
362478,7.5YR 6/2
362479,10YR 7/3
362480,7.5YR 6/3
362481,7.5 YR 6/4
362482,7.5YR 7/4
362483,10YR 7/3
362484,2.5 Y 7/3
362485,7.5YR 7/4
362486,10YR 6/3
362487,5YR 6/4
362488,2.5Y 7/3
362489,10 YR 7/3
362490,7.5 YR 6/4
362491,10 YR 6/3
362492,10YR 7/4
362493,7.5YR 6/3
362494,5YR 6/4
362495,10YR 7/2
362496,10YR 7/3
362497,7.5YR 6/3
362498,7.5YR 6/4
362499,10YR 7/3
362500,7.5 YR 6/3
362501,10YR 6/3
362502,7.5YR 6/3
362503,7.5YR 6/3
362504,10YR 6/2
362505,7.5YR 6/4
362506,7.5YR 6/4
362507,10YR 7/2
362508,7.5YR 6/4
362509,10YR 7/3
362510,7.5YR 674
362511,10YR 7/3
362512,2.5 YR 5/4
362513,10YR 6/2
362514,10YR 6/2
362515,10 YR 6/2
362516,10YR 6/3
362517,7.5YR 6/3
362518,5 YR 6/4
362519,5YR 6/4
362520,10YR 7/3
362521,"7,5YR 6/4"
362522,7.5 YR 6/4
362523,5 YR 6/4
362524,10 YR 7/3
362525,10 YR 7/4
362526,7.5 YR 6/3
362527,7.5 YR 7/4
362528,7.5 YR 5/3
362529,7.5 YR 6/3
362530,5 YR 6/3
362531,"7,5YR 6/3"
362532,10 YR 7/4
362533,5 YR 5/4
362534,"7,5YR 6/3"
362535,"7,5YR 6/4"
362536,7.5 YR 5/3
362537,5 YR 6/4
362538,7.5 YR 6/4
362539,10 YR 7/3
362540,10 YR 7/3
362541,7.5 YR 6/3
362542,10 YR 7/3
362543,10 YR 7/3
362544,5 YR 6/4
362545,7.5 YR 6/3
362546,7.5 YR 6/2
362547,7.5 YR 6/3
362548,7.5 YR 7/4
362549,10 YR 7/3
362550,5YR 6/4
362551,5 YR 6/4
362552,10 YR 7/3
362553,10 YR 7/3
362554,5 YR 6/3
362555,7.5 YR 6/4
362556,5 YR 6/4
362557,10 YR 7/2
362558,5 YR 6/4
362559,7.5 YR 6/3
362560,7.5 YR 6/4
362561,10 YR 7/3
362562,10 YR 7/3
362563,7.5 YR 6/3
362564,10 YR 6/3
362565,10 YR 5/3
362566,10 YR 6/2
362567,10 YR 6/4
362568,10 YR 6/4
362569,5 YR 6/4
362570,7.5 YR 7/3
362571,7.5 YR 7/3
362572,10 YR 7/3
362573,7.5 YR 7/3
362574,10 YR 7/3
362575,7.5 R 6/3
362576,7.5 YR 6/4
362577,5 YR 6/3
362277,7.5YR 6/4
362278,7.5YR 6/4
330490,10 YR 7/4
330491,7.5 YR 7/4
330492,7.5 YR 6/3
330493,5 YR 6/4
330494,5 YR 6/4
330495,2.5 YR 6/6
330496,2.5 Y 7/3
330497,7.5 YR 6/4
330498,10 YR 7/4
330502,7.5 YR 7/4
330503,7.5 YR 6/4
330504,10 YR 7/3
330505,5 YR 4/4
330506,7.5 YR 6/4
330507,7.5 YR 6/3
330508,2.5 Y 7/3
330510,10 YR 7/3
330511,5 YR 6/4
330512,10 YR 7/4
330517,5 YR 6/6
330518,10 YR 7/3
330520,5 YR 6/4
330521,7.5 YR 6/4
330522,10 YR 7/3
330525,10 YR 6/3
330526,2.5 YR 6/6
330528,5 YR 6/3
330530,10 YR 7/4
330531,10 YR 6/3
330393,7.5YR 7/3
330394,7.5YR 7/4
330395,7.5YR 6/3
330405,7.5YR 6/3
330407,2.5Y 6/1
330408,7.5 YR 6/4
330413,5YR 6/3
330416,10 YR 7/3
330417,7.5 YR 7/4
330421,10YR 7/3
330422,7.5YR 6/4
330423,7.5YR 7/4
330424,10 YR 7/3
330425,7.5 YR 6/4
362331,10YR 6/4
330426,2.5 Y 7/3
330429,5YR 6/4
330430,5YR 6/4
330431,10YR 6/3
330432,10YR 7/3
330433,5YR 5/4
330434,5YR 6/4
330435,2.5 Y 6/4
330436,5 YR 6/4
330437,5 YR 6/4
330438,10YR 7/3
330439,5YR 6/4
330440,7.5YR 6/4
334318,7.5 YR 7/4
330441,10 YR 7/3
330443,2.5 Y 7/3
330444,2.5 Y 7/3
330453,7.5YR 6/3
330457,7.5YR 6/4
330460,5YR 5/3
330462,2.5YR 5/4
330464,2.5 Y 7/3
330465,10 YR 7/3
330466,2.5 Y 7/3
330467,2.5 Y 7/3
330468,7.5 YR 6/6
330469,10 YR 7/4
330470,10 YR 7/4
330471,10 YR 7/3
330472,10 YR 7/4
330480,10 YR 7/3
330481,5YR 5/4
330482,7.5YR 6/4
330483,10YR 6/3
330484,7.5YR 6/4
330485,10YR 6/3
330486,7.5YR 6/4
330488,10YR 6/3
330489,7.5YR 6/4
331103,10YR 7/3
331104,10YR 7/4
331105,10YR 6/4
362578,7.5 YR 6/3
362579,7.5 YR 6/3
362580,7.5 YR 6/3
362581,5 YR 6/3
330538,2.5YR 6/6
330539,7.5YR 6/4
362582,10 YR 6/3
330547,5Y 6/1
330548,2.5YR 4/6
362583,7.5 YR 7/3
362584,10 YR 7/3
330575,5YR 6/4
362585,7.5 YR 6/3
362586,7.5 YR 6/3
330598,2.5Y 7/3
362587,10 YR 6/3
362588,10 YR 6/2
362589,10 YR 7/2
362590,7.5 YR 6/3
330638,10R 5/6
330639,5Y 7/1
362591,7.5 YR 6/4
330650,10YR 7/4
362592,10 YR 7/3
330658,10YR 6/2
362593,10 YR 7/3
330659,2.5YR 5/6
330662,10YR 7/3
362594,7.5 YR 6/3
330668,2.5YR 5/6
330669,5YR 6/4
362595,10 YR 7/3
362596,7.5 YR 6/4
362597,7.5 YR 6/3
362598,10 YR 7/3
362599,10 YR 7/3
362600,7.5 YR 6/3
362601,7.5 YR 6/4
362602,7.5 YR 6/3
362603,10 YR 6/3
362604,10 YR 6/2
362605,10 YR 7/2
362606,5 YR 6/4
362607,10 YR 7/3
362608,7.5 YR 7/3
362609,7.5 YR 6/4
362610,10 YR 6/3
362611,7.5 YR 6/4
362612,7.5 YR 7/3
362613,7.5 YR 6/4
362614,7.5 YR 6/4
362615,7.5 YR 6/4
362616,7.5 YR 6/3
362617,7.5 YR 6/4
362618,7.5 YR 6/3
362619,10 YR 7/3
362620,7.5 YR 6/4
362621,10 YR 6/2
362622,7.5 YR 6/4
362623,2.5 Y 7/3
361741,10 YR 7/3
361651,10 YR 7/2
361652,10 YR 6/2
361653,10 YR 6/3
361654,5 YR 6/3
361655,10 YR 7/3
361656,7.5 YR 6/3
361657,10 YR 6/2
361658,10 YR 7/3
361659,2.5 Y 7/3
361660,7.5 YR 6/3
361661,10 YR 6/3
361662,2.5 Y 7/3
361663,10 YR 6/3
361664,2.5 Y 7/2
361665,10 YR 7/3
361666,10 YR 7/3
361667,7.5 YR 7/3
361668,7.5 YR 6/4
361669,7.5 YR 6/3
361670,10 YR 5/2
361671,7.5 YR 6/4
361672,7.5 YR 6/3
361673,10 YR 7/3
361674,10 YR 7/3
361675,10 YR 7/3
361676,7.5 YR 6/3
361677,10 YR 7/2
361678,10 YR 7/3
361679,10 YR 7/3
361680,10 YR 6/3
361681,10 YR 7/3
361682,7.5 YR 6/3
361683,10 YR 6/3
361684,2.5 YR 6/4
361685,10 YR 7/3
361686,7.5 YR 6/3
361687,7.5 YR 6/3
361688,10 YR 6/3
361689,10 YR 7/3
361690,2.5 Y 7/2
361691,2.5 Y 7/2
361692,7.5 YR 6/3
361693,10 YR 7/3
361694,10 YR 7/3
361695,2.5 Y 7/3
361696,7.5 YR 6/3
361697,7.5 YR 6/3
361698,10 YR 7/3
361699,10 YR 6/3
361700,7.5 YR 6/3
361701,10 YR 6/3
361703,10 YR 6/2
361704,10 YR 7/3
361705,10 YR 6/3
361706,10 YR 7/3
361707,5 YR 5/3
361702,10 YR 6/3
361708,7.5 YR 6/3
361709,5 YR 6/3
361710,7.5 YR 6/3
361711,2.5 Y 7/3
361712,7.5 YR 6/3
361713,10 YR 6/2
361714,7.5 YR 6/3
361715,10 YR 7/3
361716,7.5 YR 6/3
361717,7.5 YR 6/3
361718,7.5 YR 6/3
361719,10 YR 6/2
361720,2.5 Y 7/2
361721,10 YR 5/3
361722,10 YR 6/2
361723,7.5 YR 6/2
361724,7.5 YR 6/3
361725,7.5 YR 6/3
361726,10 YR 6/2
361727,10 YR 6/2
361728,7.5 YR 6/4
361729,5 YR 6/3
361730,5 YR 5/3
361731,10 YR 6/3
361732,7.5 YR 6/3
361733,10 YR 5/3
361734,7.5 YR 6/4
361735,7.5 YR 6/4
361736,7.5 YR 5/3
361737,7.5 YR 6/3
361738,10 YR 6/3
361739,7.5 YR 7/3
361740,5 YR 6/4
361742,7.5 YR 6/3
361743,7.5 YR 6/3
361744,7.5 YR 6/4
361745,2.5 Y 7/2
361746,10 YR 6/4
361747,7.5 YR 5/3
361748,7.5 YR 6/3
361749,10YR 7/3
361750,5 YR 6/4
361751,5 YR 6/4
361752,7.5 YR 7/3
361753,10 YR 6/3
361754,7.5 YR 5/3
361755,7.5 YR 6/3
361756,7.5 YR 6/3
361757,10 YR 6/3
361758,7.5 YR 6/4
361759,7.5 YR 6/3
361760,10 YR 7/3
361761,5 YR 6/4
361762,10 YR 6/2
361763,10 YR 7/3
361764,7.5 YR 6/4
361765,7.5 YR 6/3
361766,5 YR 6/3
361767,5 YR 5/3
361768,10 YR 6/2
361769,10 YR 7/3
361770,10 YR 6/2
361771,10 YR 7/3
361772,5 YR 6/4
361773,7.5 YR 6/4
361774,7.5 YR 6/3
361775,10 Yr 6/4
361776,10 YR 6/3
361777,7.5 YR 6/4
361778,5 YR 6/4
361779,7.5 YR 6/4
361780,7.5 YR 6/4
361781,10 YR 5/3
361782,7.5 YR 6/3
361783,7.5 YR 6/4
361784,7.5 YR 6/3
361785,2.5 YR 5/3
361786,10 YR 5/3
361788,10 YR 6/3
361789,10 YR 6/4
361787,7.5 YR 6/3
361790,5 YR 5/4
361791,10 YR 7/3
361792,10 YR 6/3
361793,5 YR 6/4
361794,10 YR 7/3
361795,5 YR 6/4
361796,10 YR 6/3
361797,7.5 YR 6/3
361798,10 YR 7/3
361799,10 YR 7/3
361800,5 YR 6/4
361801,10 YR 7/3
361802,7.5 YR 6/3
361803,5 YR 6/4
361804,10 YR 7/3
361805,10 YR 7/3
361806,10 YR 6/3
361807,10 YR 6/3
361808,7.5 YR 7/3
361809,10 YR 7/3
361810,7.5 YR 6/4
361811,7.5 YR 6/4
361812,2.5 Y 7/3
361813,5 YR 6/6
361814,5 YR 6/6
361815,10 YR 7/3
361816,7.5 YR 6/3
361817,7.5 YR 6/3
361818,7.5 YR 6/3
361819,10 YR 6/4
361820,10 YR 7/4
361821,10 YR 6/3
361822,7.5 YR 6/3
357696,7.5 YR 6/4
357745,5 YR 6/4
357747,5 Y 7/3
357748,2.5 Y 7/3
357750,5 YR 6/4
357751,7.5 YR 6/4
357752,7.5 YR 6/4
357753,7.5 YR 6/4
357767,"2,5 YR 6/6"
357768,5 YR 6/6
357773,5 YR 7/4
357776,10 YR 7/3
357778,5 YR 6/4
357781,10 YR 7/3
357783,10 YR 6/3
357787,7.5 YR 6/4
357788,5 YR 6/6
357789,10 YR 7/4
357790,10 YR 7/3
357791,10 YR 7/4
357792,5 YR 5/4
357793,5 YR 6/4
357796,5 YR 6/3
357797,5 YR 6/4
357798,5 YR 5/4
357799,5 YR 6/4
357800,2.5 YR 5/6
358284,2.5 Y 7/3
358285,10 YR 6/4
358286,2.5 Y 7/3
358287,10 YR 7/4
358288,"2,5 YR 6/6"
358289,7.5 YR 6/4
358290,5 YR 6/4
358291,7.5 YR 6/3
358101,5 Y 7/3
358102,5 Y 7/3
358103,5 Y 7/3
358122,5 YR 6/6
358123,2.5 Y 7/3
357804,7.5 YR 6/4
357806,2.5 YR 6/6
357809,5 YR 6/4
357810,2.5 Y 8/3
357814,7.5 YR 7/6
357818,10 YR 7/4
357819,10 YR 7/3
357822,10 R 5/6
357823,2.5 YR 5/4
357824,5 YR 6/4
357828,2.5 YR 6/6
357829,7.5 YR 6/4
357830,7.5 YR 6/4
357833,10 YR 7/4
357835,10 YR 7/3
357840,5 YR 6/6
357841,10 YR 6/3
357846,10 YR 7/3
357849,5 YR 6/4
357854,2.5 Y 7/3
357861,5 YR 6/6
357865,10 YR 7/4
357866,7.5 YR 6/4
357867,5 YR 6/3
357869,10 YR 6/3
357873,10 YR 7/4
357878,2.5 Y 7/3
357880,7.5 YR 6/4
357881,7.5 YR 7/4
357884,5 YR 6/6
357887,2.5 Y 7/3
357891,5 YR 6/6
357892,10 YR 7/2
357893,10 YR 7/3
357909,10 YR 7/4
357919,10 YR 7/3
357921,10 YR 7/4
357933,10 YR 7/3
357945,10 YR 7/4
357951,5 YR 6/4
357953,10 YR 7/4
357957,10 YR 7/4
357958,5 YR 5/6
357959,7.5 YR 6/4
357963,2.5 Y 7/3
357979,2.5 Y 7/3
357980,2.5 Y 7/3
357981,2.5 Y 7/3
357982,2.5 Y 7/3
357983,2.5 Y 7/3
357985,2.5 Y 7/3
357994,2.5 Y 7/3
357995,2.5 Y 7/3
358001,10 YR 7/3
358011,2.5 Y 7/3
358021,10 YR 7/4
358028,10 YR 7/3
358029,10 YR 7/3
358034,7.5 YR 6/4
358036,2.5 Y 7/3
358043,10 YR 7/3
358045,2.5 Y 7/3
358049,2.5 Y 7/3
358050,2.5 Y 7/3
358051,2.5 Y 7/3
358054,5 Y 8/3
358071,2.5 Y 7/3
358072,7.5 YR 6/4
358073,10 YR 7/3
358074,10 YR 7/4
358075,10 YR 7/3
358076,5 YR 6/6
358077,10 YR 7/3
358078,10 YR 7/3
358079,2.5 Y 7/3
358080,2.5 Y 7/3
358081,7.5 YR 6/4
358082,7.5 YR 6/4
358083,10 YR 7/4
358084,7.5 YR 7/4
358085,7.5 YR 7/4
358086,10 YR 7/4
358088,10 YR 7/4
358089,7.5 YR 6/4
358140,10 YR 7/3
358141,10 YR 7/3
358142,10 YR 7/3
358143,10 YR 7/3
358144,10 YR 7/3
358145,7.5 YR 6/4
358146,7.5 YR 6/4
358147,10 YR 7/3
358148,5 YR 6/6
358149,10 YR 7/3
358150,10 YR 7/3
358151,10 YR 7/3
358152,7.5 YR 6/4
358153,10 YR 7/3
358154,2.5 Y 7/3
358155,10 YR 7/3
358156,10 YR 7/3
358157,10 YR 7/3
358158,10 YR 7/3
358159,10 YR 7/4
358160,5 YR 6/6
358161,7.5 YR 6/6
358162,10 YR 7/4
358163,7.5 YR 6/4
358164,10 YR 7/4
358165,10 YR 7/4
358166,10 YR 7/4
358167,7.5 YR 6/4
358168,10 YR 7/4
358169,10 YR 6/4
358170,10 YR 7/4
358171,7.5 YR 6/4
358173,10 YR 7/3
358174,7.5 YR 7/4
358175,7.5 YR 7/4
358176,10 YR 7/4
358177,10 YR 7/4
358178,10 YR 7/4
358179,10 YR 6/3
358180,10 YR 7/4
358181,10 YR 7/3
358182,10 YR 7/3
358183,7.5 YR 7/4
358184,10 YR 7/4
358185,7.5 YR 6/4
358186,2.5 Y 7/3
358187,10 YR 7/3
358188,7.5 YR 6/4
358190,10 YR 7/4
358191,10 YR 7/5
358192,10 YR 7/6
358193,10 YR 7/7
358194,10 YR 7/8
358195,10 YR 7/9
358196,10 YR 7/3
358293,2.5 Y 7/3
358294,10 YR 7/4
358295,10 YR 7/3
358296,10 YR 7/3
358297,10 YR 7/3
358298,7.5 YR 6/6
358299,10 YR 7/4
358300,10 YR 7/4
358301,5 YR 6/6
358302,10 YR 7/4
358303,7.5 YR 6/4
358304,10 YR 7/4
358305,10 YR 7/4
358306,5 YR 6/6
358307,7.5 YR 6/4
358308,10 YR 7/4
358309,10 YR 7/4
358310,10 YR 7/4
358311,10 YR 7/4
358312,10 YR 7/4
358313,10 YR 7/4
358314,7.5 YR 6/4
358315,10 YR 7/3
358316,10 YR 7/4
358317,7.5 YR 6/3
358318,10 YR 7/4
358319,10 YR 7/3
358320,10 YR 7/4
358321,10 YR 7/4
358322,10 YR 7/3
358323,7.5 YR 7/4
358324,10 YR 7/4
358325,10 YR 7/4
358326,7.5 YR 6/3
358327,10 YR 7/4
358328,10 YR 7/4
358329,7.5 YR 6/4
358330,10 YR 7/4
358331,7.5 YR 6/4
358332,10 YR 7/3
358333,10 YR 7/3
358334,10 YR 7/4
358335,7.5 YR 6/4
358336,10 YR 7/4
358337,10 YR 7/4
358338,10 YR 7/4
358339,10 YR 7/4
358340,10 YR 7/4
358341,5 YR 6/6
358342,7.5 YR 6/6
358343,10 YR 7/3
358344,7.5 YR 6/4
358345,7.5 YR 6/4
358346,10 YR 7/4
358347,7.5 YR 6/4
358348,5 YR 6/6
358349,10 YR 7/4
358352,10 YR 6/3
358353,7.5 YR 7/4
358354,10 YR 7/3
358355,10 YR 7/3
358356,10 YR 7/3
358357,10 YR 7/3
358358,10 YR 7/4
358359,10 YR 7/4
358360,10 YR 7/4
358361,10 YR 7/4
358362,10 YR 7/4
358363,10 YR 7/4
358364,10 YR 7/4
358365,7.5 YR 7/4
358367,7.5 YR 6/4
358368,7.5 YR 6/4
358369,7.5 YR 6/4
358370,7.5 YR 6/4
358371,7.5 YR 6/4
358372,7.5 YR 6/4
358373,10 YR 7/4
358375,7.5 YR 6/4
358376,7.5 YR 6/4
358377,7.5 YR 6/4
358378,10 YR 7/4
358379,10 YR 7/4
358380,10 YR 7/4
358381,10 YR 7/4
358382,10 YR 7/3
358383,10 YR 7/3
358384,10 YR 7/3
358385,10 YR 7/3
358386,10 YR 7/3
358387,10 YR 7/3
358388,10 YR 7/3
358389,10 YR 7/3
358390,10 YR 7/3
358391,10 YR 7/4
358392,10 YR 7/4
358393,10 YR 7/4
358394,10 YR 7/4
358395,10 YR 7/3
358396,10 YR 7/3
358397,10 YR 7/3
358398,10 YR 6/4
358399,10 YR 7/3
358400,10 YR 7/4
358401,10 YR 7/3
358402,10 YR 7/4
358403,10 YR 6/3
358404,10 YR 7/4
358405,7.5 YR 6/4
358406,10 YR 7/4
358407,10 YR 7/3
358408,10 YR 7/4
358409,10 YR 7/4
358410,10 YR 7/3
358411,7.5 YR 6/3
358412,7.5 YR 7/4
358413,10 YR 6/4
358414,10 YR 7/3
358415,10 YR 7/3
358416,7.5 YR 6/4
358417,10 YR 7/3
358418,10 YR 7/3
358419,10 YR 7/3
358420,10 YR 7/3
358421,10 YR 7/3
358422,10 YR 7/3
358423,10 YR 7/3
358424,10 YR 7/3
358425,10 YR 7/3
358426,10 YR 7/3
358427,10 YR 7/3
358428,10 YR 7/3
358429,10 YR 7/3
358430,10 YR 7/3
358431,7.5 YR 6/4
358432,10 YR 7/3
358433,10 YR 7/3
358434,10 YR 7/3
358435,10 YR 7/3
358436,7.5 YR 6/4
358437,10 YR 7/4
358438,10 YR 7/3
358439,7.5 YR 6/4
358440,10 YR 7/4
358441,10 YR 7/4
358442,5 YR 6/6
358443,10 YR 7/4
358444,10 YR 7/4
358445,10 YR 7/4
358446,10 YR 7/3
358447,7.5 YR 6/4
358448,7.5 R 6/3
358449,5 YR 6/6
358450,10 YR 7/4
358451,10 YR 7/4
358452,10 YR 6/4
358453,10 YR 6/4
358454,2.5 Y 6/3
358455,10 YR 7/3
358456,10 YR 7/3
358457,10 YR 7/3
358458,10 YR 6/4
358459,10 YR 7/3
358460,7.5 YR 6/4
358461,10 YR 7/4
358206,2.5 Y 7/3
358207,2.5 Y 7/3
358208,2.5 Y 7/3
358209,2.5 Y 7/3
358210,2.5 Y 7/3
358212,10 YR 7/4
358218,10 YR 7/3
358246,2.5 Y 7/3
358255,2.5 Y 7/3
358256,10 Y 7/3
359447,2.5 Y 7/2
359452,2.5 Y 7/2
359453,2.5 Y 7/2
359456,7.5 YR 6/4
359466,7.5 YR 6/4
