scheda_temp,scheda,biblio_temp,biblio,contributo_temp,contributo,pagine,figura,livello
1,,,178,,,p. 210,"E3-39, 1",4
1,,11,,66,,p. 340,Tav. LXVI.30.11a,4
2,,,173,33,,pp. 501-502,,4
2,,11,,66,,pp. 325-328,,4
3,,,173,33,,pp. 501-502,,4
3,,11,,66,,pp. 325-328,,4
4,,,173,33,,pp. 501-502,,4
4,,11,,66,,pp. 325-328,,4
5,,,173,33,,pp. 501-502,,4
5,,11,,66,,pp. 325-328,,4
6,,,173,33,,pp. 501-502,,4
6,,11,,66,,pp. 325-328,,4
7,,,173,33,,pp. 501-502,,4
7,,11,,66,,pp. 325-328,,4
8,,,173,33,,pp. 501-502,,4
8,,11,,66,,pp. 325-328,,4
9,,,173,33,,pp. 501-502,,4
9,,11,,66,,pp. 325-328,,4
10,,,161,,,p. 107,9.2,4
10,,,173,38,,pp. 489-490 31,,4
11,,,161,,,p. 107,9.3,4
11,,,173,38,,p. 490 32,,4
12,,,161,,,p. 107,9.5,4
12,,,173,38,,p. 490 34,,4
13,,,161,,,p. 107,9.4,4
13,,,173,38,,p. 490 33,,4
14,,,161,,,p. 107,9.1,4
14,,,173,38,,p. 489 30,,4
15,,,161,,,p. 71,3.1,4
15,,,173,36,,p. 465 11,,4
16,,,161,,,p. 71,3.2,4
16,,,173,36,,p. 465 11,,4
17,,,161,,,p. 71,3.2,4
17,,,173,36,,p. 465 11,,4
18,,,161,,,p. 71,3.2,4
18,,,173,36,,p. 465 11,,4
19,,,161,,,p. 85,5.1,4
19,,,173,36,,p. 473 4,,4
20,,,161,,,p. 85,5.2,4
20,,,173,36,,p. 473 4,,4
21,,,161,,,p. 173,29.1,4
21,,,173,32,,p. 504 16,,4
22,,,161,,,p. 173,29.2,4
22,,,173,32,,p. 504 17,,4
23,,,161,,,p. 207,48.1,4
23,,11,,67,,p. 137,Tav. XXVIII.13.5a,4
24,,,161,,,p. 201,39.1,4
24,,14,,78,,p. 85,,4
25,,,161,,,p. 196,38.1,4
25,,5,,44,,p. 258,20.25,4
27,,,161,,,p. 203,42.1,4
27,,1,,2,,p. 295,fig. 146,4
28,,,56,,97,p. 343,fig. 286,4
28,,,161,,,p. 192,37.1,4
29,,,56,,97,p. 343,fig. 286,4
29,,,161,,,p. 192,37.2,4
30,,,56,,97,p. 343,fig. 286,4
30,,,161,,,p. 192,37.3,4
31,,,56,,97,p. 343,fig. 286,4
31,,,161,,,p. 192,37.4,4
32,,,56,,97,p. 343,fig. 286,4
32,,,161,,,p. 192,37.5,4
33,,,56,,97,p. 343,fig. 286,4
33,,,161,,,p. 192,37.6,4
34,,,56,,97,p. 343,fig. 286,4
34,,,161,,,p. 192,37.7,4
35,,,56,,97,p. 343,fig. 286,4
35,,,161,,,p. 192,37.8,4
36,,,56,,97,p. 343,fig. 286,4
36,,,161,,,p. 192,37.9,4
37,,,161,,,p. 205,45.2,4
38,,3,,41,,p. 324,fig. 383,4
38,,12,,71,,p. 664,Fig. 680,4
39,,,161,,,p. 205,45.1,4
40,,,161,,,p. 205,47.1,4
40,,11,,67,,pp. 133-134,,4
41,,,161,,,p. 215,51.1,4
41,,11,,63,,p. 209,Tav. XL.17.8u,4
42,,11,,65,,pp. 313-315,,4
43,,,161,,,p. 222,54.1,4
44,,,161,,,p. 222,54.2,4
45,,,161,,,p. 222,54.3,4
46,,,178,,,p. 154,D-13,4
46,,5,,44,,p. 262,46.28.00,4
47,,,161,,,p. 77,4.1,4
47,,,173,37,,p. 469 8,,4
48,,,161,,,p. 77,4.1,4
48,,,173,37,,p. 469 8,,4
49,,,161,,,p. 77,4.1,4
49,,,173,37,,p. 469 8,,4
50,,,161,,,p. 77,4.1,4
50,,,173,37,,p. 469 8,,4
51,,,161,,,p. 77,4.1,4
51,,,173,37,,p. 469 8,,4
52,,,161,,,p. 77,4.1,4
52,,,173,37,,p. 469 8,,4
53,,,173,34,,pp. 502-503,,4
53,,,178,,,p. 210,E3-37,4
54,,,173,34,,pp. 502-503,,4
54,,,178,,,p. 210,E3-37,4
55,,,173,34,,pp. 502-503,,4
55,,,178,,,p. 210,E3-37,4
56,,,173,34,,pp. 502-503,,4
56,,,178,,,p. 210,E3-37,4
57,,,173,34,,pp. 502-503,,4
57,,,178,,,p. 210,E3-37,4
58,,,173,39,,p. 477 11,,4
58,,5,,44,,p. 257,13.07,4
59,,,178,,,p. 211,E3-39,4
59,,11,,66,,p. 344,Tav. LXI.30.11bf,4
60,,,178,,,p. 211,E3-39,4
60,,11,,66,,p. 344,Tav. LXI.30.11bg,4
61,,,178,,,p. 211,E3-39,4
61,,11,,66,,p. 344,Tav. LXI.30.11bh,4
62,,,173,35,,p. 456 11,,4
62,,,178,,,p. 174,E1-19,4
63,,,161,,,p. 207,48.8,4
63,,11,,67,,pp. 137-138,Tav. XXII.13.5f,4
64,,,161,,,p. 203,42.2,4
64,,1,,2,,p. 295,fig. 146,4
65,,11,,67,,p. 143,,4
66,,,173,33,,pp. 501-502,,4
66,,11,,66,,pp. 325-328,,4
67,,,178,,,p. 217,F-11,4
67,,11,,66,,p. 351,Tav. LXIII.30.13p,4
68,,,178,,,p. 217,F-11,4
68,,11,,66,,pp. 351-352,Tav. LXIII.30.13s,4
69,,,178,,,p 217,F-11,4
69,,11,,66,,p. 351,Tav. LXIII.30.13q,4
70,,,161,,,p. 109,9.19,4
70,,,173,38,,p. 489 16,,4
71,,,161,,,p. 111,9.38,4
71,,,173,38,,p. 494 76,,4
72,,3,,41,,p. 324,fig. 383,4
73,,,173,34,,pp. 502-503,,4
73,,,178,,,p. 210,E3-37,4
74,,,161,,,p. 207,48.3,4
74,,11,,67,,p. 139,Tav. XXVIII.13.5m,4
75,,,161,,,p. 109,9.17,4
75,,,173,38,,p. 488 10,,4
76,,,161,,,pp. 107-115,,4
76,,,173,38,,pp. 488-495,,4
77,,,161,,,p. 175,29.13,4
77,,,173,32,,p. 504 11,,4
78,,,161,,,p. 109,9.18,4
78,,,173,38,,p. 488 11,,4
79,,,95,4,,p. 56,,4
79,,,270,47,,pp. 186-187,,4
80,,11,,69,,p. 73,Tav. V e VII.9.2c,4
80,,18,,83,,"p. 282, 210",,4
81,,11,,68,,p. 63,Tav. III e I.9.1c,4
81,,18,,83,,"p. 264, 31",,4
82,,11,,69,,p. 76,Tav. VI e VIII.9.2j,4
82,,18,,83,,"p. 287, 274",,4
85,,11,,68,,p. 65,Tav. II e IV.9.1g,4
85,,18,,83,,"p. 264, 33",,4
86,,11,,68,,p. 65,Tav. II e IV.9.1h,4
86,,18,,83,,"p. 265, 42",,4
87,,11,,68,,pp. 65-66,Tav. II e IV.9.1i,4
87,,18,,83,,"p. 267, 58",,4
88,,11,,68,,p. 64,Tav. II e IV.9.1f,4
88,,18,,83,,"p. 271, 96",,4
89,,11,,68,,pp. 63-64,Tav. III e I.9.1d,4
89,,18,,83,,"p. 261, 8",,4
90,,,161,,,p. 173,29.8,4
90,,,173,32,,pp. 504-505,,4
91,,11,,68,,p. 64,Tav. III e I.9.1e,4
91,,18,,83,,"p. 262, 19",,4
92,,11,,68,,p. 63,Tav. III e I.9.1b,4
92,,18,,83,,"p. 267, 60",,4
93,,11,,68,,p. 66,Tav. III e I.9.1j,4
93,,18,,83,,"p. 275, 129",,4
94,,11,,68,,p. 66,Tav. III e I.9.1k,4
94,,18,,83,,"p. 276, 132",,4
95,,,161,,,p. 207,48.2,4
95,,11,,67,,p. 138,Tav. XXII.13.5l,4
96,,11,,64,,pp. 483-484,TAV. CX.37.8.x,4
96,,5,,44,,p. 263,52.23.00,4
97,,,178,,,p. 217,F-11,4
97,,11,,66,,p. 352,Tav. LXII-LXIX.30.13t,4
98,,,173,33,,pp. 501-502,,4
98,,11,,66,,pp. 325-328,,4
99,,,173,52,,p. 300 cat. 240,,4
102,,11,,68,,p. 63,Tav. III e I.9.1a,4
102,,18,,83,,"p. 277, 140",,4
103,,11,,68,,p. 76,Tav. VI e VIII.9.1k,4
103,,18,,83,,"p. 281, 200",,4
104,,11,,69,,pp. 74-75,Tav. VI e VIII.9.2f,4
104,,18,,83,,"p. 282, 207",,4
105,,11,,69,,p. 74,Tav. V e VII.9.2e,4
105,,18,,83,,"p. 282, 209",,4
106,,11,,69,,p. 75,Tav. VI e VIII.9.2h,4
106,,18,,83,,"p. 282, 213",,4
107,,11,,69,,p. 73,Tav. V e VII.9.2b,4
107,,18,,83,,"p. 283, 223",,4
108,,11,,69,,p. 73,Tav. V e VII.9.2a,4
108,,18,,83,,"p. 283, 224",,4
109,,11,,69,,p. 75,Tav. VI e VIII.9.2g,4
109,,18,,83,,"p. 284, 240",,4
110,,11,,69,,p. 74,Tav. V e VII.9.2d,4
110,,18,,83,,"p. 285, 250",,4
111,,11,,69,,pp. 75-76,Tav. VI e VIII.9.2i,4
111,,18,,83,,"p. 287, 275",,4
112,,8,,46,,pp. 854-855,,4
113,,8,,46,,pp. 854-855,,4
114,,8,,46,,pp. 854-855,,4
115,,8,,46,,pp. 854-855,,4
116,,,173,33,,pp. 501-502,,4
116,,11,,66,,pp. 325-328,,4
117,,8,,46,,pp. 854-855,,4
118,,8,,46,,pp. 854-855,,4
119,,8,,46,,pp. 854-855,,4
123,,,56,,97,p. 343,fig. 286,4
123,,,161,,,p. 195,37.18,4
125,,2,,,,p. 109,,4
125,,11,,67,,p. 145,Tav. XXIX.13.12c,4
126,,,173,39,,pp. 476-477 44808,,4
126,,5,,44,,p. 257,13.04,4
127,,,173,39,,pp. 476-477 44808,,4
127,,5,,44,,p. 257,13.04,4
132,,,161,,,p. 203,,4
132,,1,,2,,p. 295,fig. 146,4
133,,11,,64,,p.494,Tav. CXV.37.14p,4
134,,11,,64,,p.494,Tav. CXV.37.14p,4
135,,11,,63,,pp. 209-210,Tav. XLVIII.17.12b,4
135,,13,,72,,p. 467,,4
136,,,173,39,,pp. 476-477 44808,,4
136,,5,,44,,p. 257,13.04,4
137,,11,,63,,pp. 209-210,Tav. XLVIII.17.12b,4
137,,13,,72,,p. 467,,4
138,,,173,39,,pp. 476-477 44808,,4
138,,5,,44,,p. 257,13.04,4
139,,,173,39,,pp. 476-477 44808,,4
139,,5,,44,,p. 257,13.05,4
140,,11,,65,,pp. 313-315,,4
141,,11,,63,,pp. 209-210,Tav. XLVIII.17.12b,4
141,,13,,72,,p. 467,,4
142,,,161,,,p. 173,29.10,4
142,,,173,32,,p. 504 9,,4
143,,20,,86,,pp. 88-89,,4
144,,,173,35,,p. 456 4,,4
144,,,178,,,p. 174,E1-19,4
145,,,173,34,,pp. 502-503,,4
145,,,178,,,p. 210,E3-37,4
146,,,173,34,,pp. 502-503,,4
146,,,178,,,p. 210,E3-37,4
147,,,173,33,,pp. 501-502,,4
147,,11,,66,,pp. 325-328,,4
148,,,173,33,,pp. 501-502,,4
148,,11,,66,,pp. 325-328,,4
149,,,173,33,,pp. 501-502,,4
149,,11,,66,,pp. 325-328,,4
150,,,173,33,,pp. 501-502,,4
150,,11,,66,,pp. 325-328,,4
151,,,173,33,,pp. 501-502,,4
151,,11,,66,,pp. 325-328,,4
152,,,161,,,p. 109,9.26,4
152,,,173,38,,p. 488 14,,4
153,,,161,,,p. 74,3.11,4
153,,,173,36,,p. 464 8,,4
158,,,173,39,,pp. 476-477 44808,,4
158,,5,,44,,p. 257,13.05,4
159,,,161,,,p. 207,48.5,4
159,,11,,67,,p. 138,Tav. XXII.13.5j,4
160,,,161,,,p. 207,48.5,4
160,,11,,67,,p. 138,Tav. XXII.13.5j,4
165,,,161,,,p. 203,,4
165,,1,,2,,p. 295,fig. 146,4
168,,2,,,,p. 104,,4
168,,5,,44,,p. 138,Abb. 146,4
169,,,173,39,,p. 478 17,,4
169,,5,,44,,p. 138,Abb. 147,4
170,,,173,39,,p. 478 19,,4
170,,5,,44,,p. 256,12.6,4
171,,,173,39,,p. 480 28,,4
171,,5,,44,,p. 256,12.20,4
172,,,173,39,,p. 478 18,,4
172,,5,,44,,p. 256,12.3,4
173,,9,,48,,p. 804,,4
173,,7,,45,,pp. 403-407,,4
174,,9,,48,,p. 804,,4
174,,7,,45,,pp. 403-407,,4
176,,,161,,,p. 215,51.10,4
176,,11,,63,,p. 203,Tav. XLI.17.8ah,4
177,,,161,,,p. 215,51.10,4
177,,11,,63,,p. 203,Tav. XLI.17.8ah,4
178,,,161,,,p. 215,51.10,4
178,,11,,63,,p. 203,Tav. XLI.17.8ah,4
179,,,161,,,p. 224,,4
180,,,161,,,p. 215,51.10,4
180,,11,,63,,p. 203,Tav. XLI.17.8ah,4
181,,,161,,,p. 215,51.10,4
181,,11,,63,,p. 203,Tav. XLI.17.8ah,4
182,,,161,,,p. 215,51.10,4
182,,11,,63,,p. 203,Tav. XLI.17.8ah,4
184,,9,,48,,p. 804,,4
184,,7,,45,,pp. 403-407,,4
185,,3,,42,,p. 353,fig. 423,4
186,,,56,73,,p. 163,fig. 147,4
187,,3,,42,,p. 353,fig. 424,4
189,,,161,,,p. 196,38.11,4
189,,5,,44,,p. 258,20.21,4
192,,,56,74,,p. 321,fig. 245,4
192,,3,,41,,p. 330,fig. 392,4
193,,5,,44,,p. 268,77.3,4
194,,,178,,,p. 154,D-13,4
194,,5,,44,,p. 262,46.24.00,4
197,,,161,,,pp. 173-175,29.11,4
197,,,173,32,,p. 504 8,,4
198,,,161,,,p. 175,29.12,4
198,,,173,32,,p. 504 10,,4
200,,,173,39,,p. 481 47,,4
200,,5,,44,,p. 256,12.44,4
201,,,173,60,,p. 359 cat. 327,,4
201,,11,,67,,p. 134,Tav. XXI.13.3b,4
202,,,173,,,p.266,,4
202,,11,,67,,p. 146,Tav. XXIII.13.13d,4
203,,,173,39,,p. 481 30,,4
203,,5,,44,,p. 256,12.24,4
204,,12,,71,,p. 664,Fig. 680,4
208,,3,,41,,p. 324,fig. 382,4
208,,12,,71,,p. 664,Fig. 680,4
209,,,161,,,p. 196,38.3,4
209,,5,,44,,p. 258,20.28,4
211,,11,,64,,p.492,Tav. CXIV.37.14d,4
212,,,161,,,p. 113,9.47,4
212,,,173,38,,p. 491 46,,4
213,,,161,,,p. 113,9.48,4
213,,,173,38,,p. 491 47,,4
214,,,161,,,p. 113,9.51,4
214,,,173,38,,p. 492 50,,4
215,,,161,,,p. 113,9.50,4
215,,,173,38,,p. 492 49,,4
216,,,161,,,p. 113,9.49,4
216,,,173,38,,p. 491 48,,4
217,,,161,,,p. 115,9.59,4
217,,,173,38,,p. 493 59,,4
218,,,173,51,,p. 300 cat. 239,,4
218,,,178,,,p. 185,E2-9,4
219,,,155,3,,pp. 113-114,,4
220,,,161,,,p. 111,9.40,4
220,,,173,38,,p. 468,6,4
221,,,161,,,p. 203,,4
221,,1,,2,,p. 295,fig. 146,4
222,,,150,75,,pp. 416-417,,4
222,,,174,84,,pp. 87-94,,4
223,,,150,75,,pp. 416-417,,4
223,,,174,84,,pp. 87-94,,4
224,,,161,,,p. 196,38.6,4
224,,5,,44,,p. 258,,4
225,,,161,,,p. 196,38.6,4
225,,5,,44,,p. 258,,4
226,,,161,,,p. 196,38.6,4
226,,5,,44,,p. 258,,4
227,,,161,,,p. 196,38.6,4
227,,5,,44,,p. 258,,4
228,,,161,,,p. 196,38.6,4
228,,5,,44,,p. 258,,4
229,,,161,,,p. 196,38.6,4
229,,5,,44,,p. 258,,4
230,,,161,,,p. 196,38.6,4
230,,5,,44,,p. 258,,4
231,,12,,71,,p. 651,Fig. 670,4
232,,12,,71,,p. 651,Fig. 670,4
233,,12,,71,,p. 651,Fig. 670,4
234,,12,,71,,p. 651,Fig. 670,4
235,,12,,71,,p. 651,Fig. 670,4
236,,12,,71,,p. 651,Fig. 670,4
237,,,173,16,,p. 294,cat. 222,4
238,,11,,67,,p. 132,Tav. XXI.13.1.c,4
239,,13,,72,,p. 467,,4
239,,11,,63,,p. 211,Tav. XLIII.17.12i,4
240,,13,,72,,p. 467,,4
240,,11,,63,,p. 211,Tav. XLIII.17.12i,4
241,,13,,72,,p. 467,,4
241,,11,,63,,p. 211,Tav. XLIII.17.12i,4
242,,13,,72,,p. 467,,4
242,,11,,63,,p. 211,Tav. XLIII.17.12i,4
243,,13,,72,,p. 467,,4
243,,11,,63,,p. 211,Tav. XLIII.17.12i,4
244,,13,,72,,p. 467,,4
244,,11,,63,,p. 211,Tav. XLIII.17.12i,4
245,,13,,72,,p. 467,,4
245,,11,,63,,p. 211,Tav. XLIII.17.12i,4
246,,13,,72,,p. 467,,4
246,,11,,63,,p. 211,Tav. XLIII.17.12i,4
247,,13,,72,,p. 467,,4
247,,11,,63,,p. 211,Tav. XLIII.17.12i,4
248,,13,,72,,p. 467,,4
248,,11,,63,,p. 211,Tav. XLIII.17.12i,4
249,,13,,72,,p. 467,,4
249,,11,,63,,p. 211,Tav. XLIII.17.12i,4
250,,13,,72,,p. 467,,4
250,,11,,63,,p. 211,Tav. XLIII.17.12i,4
251,,13,,72,,p. 467,,4
251,,11,,63,,p. 211,Tav. XLIII.17.12i,4
252,,13,,72,,p. 467,,4
252,,11,,63,,p. 211,Tav. XLIII.17.12i,4
253,,13,,72,,p. 467,,4
253,,11,,63,,p. 211,Tav. XLIII.17.12i,4
258,,,161,,,p. 109,9.31,4
258,,,173,38,,p. 494,72,4
259,,,161,,,p. 109,9.31,4
259,,,173,38,,p. 490,43,4
260,,,161,,,p. 109,9.31,4
260,,,173,38,,p. 490,43,4
261,,,161,,,p. 109,9.31,4
261,,,173,38,,p. 490,43,4
262,,,161,,,p. 109,9.31,4
262,,,173,38,,p. 490,43,4
263,,,161,,,p. 109,9.31,4
263,,,173,38,,p. 490,43,4
264,,,161,,,p. 109,9.31,4
264,,,173,38,,p. 490,43,4
265,,,161,,,p. 109,9.31,4
265,,,173,38,,p. 490,43,4
266,,,161,,,p. 109,9.29,4
266,,,173,38,,p. 490,43,4
267,,,161,,,p. 109,9.29,4
267,,,173,38,,p. 490,35,4
268,,,161,,,p. 109,9.29,4
268,,,173,38,,p. 490,35,4
269,,,161,,,p. 109,9.29,4
269,,,173,38,,p. 490,35,4
270,,,161,,,p. 109,9.29,4
270,,,173,38,,p. 490,35,4
271,,,161,,,p. 109,9.29,4
271,,,173,38,,p. 490,35,4
272,,,161,,,p. 109,9.29,4
272,,,173,38,,p. 490,35,4
274,,,178,,,p. 207,E3-26,4
274,,5,,44,,p. 267,,4
278,,,161,,,p. 115,10,4
278,,,173,38,,p. 490,35,4
279,,2,,,,p. 106,,4
279,,7,,45,,403-407,,4
281,,12,,71,,p. 651,Fig. 670,4
282,,11,,64,,p. 496,TAV. CV.37.15.f,4
283,,7,,45,,403-407,,4
283,,9,,48,,p. 804,,4
286,,13,,72,,p. 467,,4
286,,11,,63,,p. 211,Tav. XLIII.17.12i,4
287,,13,,72,,p. 467,,4
287,,11,,63,,p. 211,Tav. XLIII.17.12h,4
288,,13,,72,,p. 467,,4
288,,11,,63,,p. 211,Tav. XLIII.17.12h,4
289,,13,,72,,p. 467,,4
289,,11,,63,,p. 211,Tav. XLIII.17.12h,4
290,,13,,72,,p. 467,,4
290,,11,,63,,p. 211,Tav. XLIII.17.12h,4
291,,13,,72,,p. 467,,4
291,,11,,63,,p. 211,Tav. XLIII.17.12h,4
292,,13,,72,,p. 467,,4
292,,11,,63,,p. 211,Tav. XLIII.17.12h,4
293,,13,,72,,p. 467,,4
293,,11,,63,,p. 211,Tav. XLIII.17.12h,4
294,,13,,72,,p. 467,,4
294,,11,,63,,p. 211,Tav. XLIII.17.12h,4
295,,13,,72,,p. 467,,4
295,,11,,63,,p. 211,Tav. XLIII.17.12h,4
296,,13,,72,,p. 467,,4
296,,11,,63,,p. 211,Tav. XLIII.17.12h,4
297,,13,,72,,p. 467,,4
297,,11,,63,,p. 211,Tav. XLIII.17.12h,4
298,,13,,72,,p. 467,,4
298,,11,,63,,p. 211,Tav. XLIII.17.12h,4
299,,13,,72,,p. 467,,4
299,,11,,63,,p. 211,Tav. XLIII.17.12h,4
304,,2,,,,p. 106,,4
304,,7,,45,,403-407,,4
305,,,161,,,p. 109,9.30,4
305,,,173,38,,p. 493,68,4
306,,,161,,,p. 109,9.30,4
306,,,173,38,,p. 490,37,4
307,,,161,,,p. 109,9.30,4
307,,,173,38,,p. 490,37,4
308,,,161,,,p. 109,9.30,4
308,,,173,38,,p. 490,37,4
309,,,161,,,p. 109,9.30,4
309,,,173,38,,p. 490,37,4
310,,,161,,,p. 109,9.30,4
310,,,173,38,,p. 490,37,4
311,,,161,,,p. 109,9.30,4
311,,,173,38,,p. 490,37,4
312,,,161,,,p. 109,9.30,4
312,,,173,38,,p. 490,37,4
313,,,161,,,p. 109,9.30,4
313,,,173,38,,p. 490,37,4
314,,,161,,,p. 109,9.30,4
314,,,173,38,,p. 490,37,4
315,,,161,,,p. 109,9.30,4
315,,,173,38,,p. 490,37,4
316,,,161,,,p. 109,9.30,4
316,,,173,38,,p. 490,37,4
317,,11,,67,,p. 132,Tav. XXI.13.1.d,4
318,,11,,67,,p. 132,Tav. XXI.13.1.e,4
319,,13,,72,,p. 467,,4
319,,11,,63,,p. 210,Tav. XLIII.17.12d,4
320,,,173,33,,p. 504,7,4
320,,11,,66,,pp. 325-328,,4
321,,,161,,,p. 74,3.9,4
321,,,173,36,,p. 456,12,4
322,,,161,,,p. 173,29.7,4
322,,,173,32,,p. 107,cat. 44,4
324,,,161,,,p. 203,,4
324,,1,,2,,p. 295,fig. 146,4
325,,,56,,97,p. 343,fig. 286,4
325,,,161,,,p. 192,37.13,4
326,,13,,72,,p. 467,,4
326,,11,,63,,pp. 209-210,Tav. XLVIII.17.12b,4
327,,,161,,,p. 115,10,4
327,,,173,38,,p. 490,37,4
328,,,161,,,p. 201,39.3,4
329,,,161,,,p. 113,9.52,4
329,,,173,38,,p. 493,60,4
330,,,161,,,p. 115,10,4
330,,,173,38,,p. 492,51,4
331,,,161,,,p. 115,10,4
331,,,173,38,,p. 493,61,4
332,,,161,,,p. 115,10,4
332,,,173,38,,p. 493,62,4
333,,,161,,,p. 109,9.30,4
333,,,173,38,,p. 493,62,4
334,,,173,18,,p. 299,cat. 236,4
335,,,161,,,p. 115,9.58,4
335,,,173,38,,p. 490,37,4
336,,,173,39,,p. 489,26,4
336,,5,,44,,p. 256,,4
337,,,173,39,,p. 481,29,4
337,,5,,44,,p. 256,,4
338,,,173,39,,p. 479,21,4
338,,5,,44,,p. 203,,4
339,,,173,39,,p. 477,15,4
339,,5,,44,,p. 139,,4
340,,,173,39,,p. 479,23,4
340,,5,,44,,p. 256,,4
341,,,173,39,,p. 480,25,4
341,,5,,44,,p. 256,,4
342,,,173,39,,pp. 479-480,24,4
342,,5,,44,,p. 202,,4
343,,,173,39,,p. 480,27,4
343,,5,,44,,p. 203,,4
344,,,173,39,,pp. 478-479,20,4
344,,5,,44,,p. 139,,4
345,,,173,39,,p. 479,22,4
345,,5,,44,,p. 256,,4
346,,,173,39,,p. 481,30,4
346,,5,,44,,pp. 256-257,,4
347,,,173,39,,p. 481,30,4
347,,5,,44,,pp. 256-257,,4
348,,,173,39,,p. 481,30,4
348,,5,,44,,p. 256,,4
349,,5,,44,,p. 206,,4
349,,2,,,,p. 104,,4
350,,,173,39,,p. 481,30,4
350,,5,,44,,p. 256,,4
351,,,173,39,,p. 481,30,4
351,,5,,44,,p. 256,,4
352,,,178,,,p. 207,E3-26,4
352,,5,,44,,p. 267,,4
353,,,173,39,,p. 481,30,4
353,,5,,44,,p. 257,,4
354,,,173,39,,p. 477,13,4
354,,5,,44,,p. 256,,4
356,,,161,,,p. 109,9.21,4
356,,,173,38,,p. 493,58,4
357,,11,,67,,p. 151,Tav. XXV.13.18b,4
358,,,161,,,p. 111-113,9.46,4
358,,,173,38,,p. 489,22,4
361,,,95,4,,p. 56,,4
361,,,270,47,,pp. 186-187,,4
362,,,95,4,,p. 56,,4
362,,,270,47,,pp. 186-187,,4
363,,,273,82,,pp. 125-126.,,4
363,,4,,42,,p.79,,4
364,,,273,82,,pp. 125-126.,,4
364,,4,,43,,p.79,,4
365,,,282,77,,pp. 78-79,,4
368,,13,,72,,p. 467,,4
368,,11,,63,,pp. 209-210,Tav. XLVIII.17.12b,4
369,,13,,72,,p. 467,,4
369,,11,,63,,pp. 209-210,Tav. XLVIII.17.12b,4
370,,,150,75,,pp. 416-417,,4
370,,,174,84,,pp. 87-94,,4
371,,,95,5,,p. 474,397,4
371,,,161,,,p. 57,22,4
372,,,161,,,p. 109,9.28,4
372,,,173,38,,p. 491,45,4
373,,,161,,,p. 185,33.4,4
373,,2,,,,p. 99,,4
374,,,161,,,p. 207,48.6,4
374,,11,,67,,p. 138,Tav. XXVIII.13.5i,4
375,,,161,,,p. 207,48.6,4
375,,11,,67,,p. 138,Tav. XXVIII.13.5i,4
376,,,161,,,pp. 119-123,12.11,4
376,,,178,,,p. 63,Abb. 22,4
377,,,173,34,,pp. 501-502,,4
377,,,178,,,p. 210,E3-37,4
379,,,178,,,p. 217,F-11,4
379,,11,,66,,p. 349,Tav. LXIII.30.13d,4
380,,,178,,,p. 217,F-11,4
380,,11,,66,,p. 349,Tav. LXIII.30.13e,4
381,,,178,,,p. 217,F-11,4
381,,11,,66,,p. 349,Tav. LXIII.30.13f,4
382,,13,,72,,p. 467,,4
382,,11,,63,,pp. 209-210,Tav. XLVIII.17.12b,4
383,,3,,41,,p. 298,fig. 343,4
385,,,161,,,p. 109,9.20,4
385,,,173,38,,p. 490,40,4
386,,,161,,,p. 113,9.53,4
386,,,173,38,,p. 488,12,4
388,,,161,,,p. 109,9.24,4
388,,,173,38,,p. 492,52,4
389,,,161,,,p. 109,9.24,4
389,,,173,38,,p. 489,28,4
390,,,173,20,,p. 301,cat. 243,4
390,,12,,71,,p. 664,Fig. 679,4
391,,,173,22,,p. 301,cat. 245,4
392,,,154,76,,pp. 53-54,,4
393,,,173,14,,p. 93,cat. 22,4
394,,,161,,,p. 71,3.4,4
394,,,173,24,,p. 302,cat. 249,4
395,,,161,,,p. 209,48.16,4
395,,11,,67,,p. 137,Tav. XXII.13.5b,4
396,,,161,,,p. 196,38.15,4
396,,5,,44,,p. 258,,4
397,,,161,,,p. 196,38.16,4
397,,5,,44,,p. 258,,4
410,,3,,41,,p. 296,fig. 340,4
412,,12,,71,,p. 664,Fig. 680,4
413,,12,,71,,p. 664,Fig. 680,4
414,,12,,71,,p. 664,Fig. 680,4
415,,3,,41,,p. 326,fig. 385,4
415,,12,,71,,p. 664,Fig. 680,4
416,,11,,67,,p. 153,Tav. XXVI-XXXII.13.22,4
420,,,161,,,p. 207,48.4,4
420,,,173,26,,p. 343,cat. 295,4
426,,13,,72,,p. 467,,4
426,,11,,63,,pp. 209-210,Tav. XLVIII.17.12b,4
431,,,173,15,,p. 294,cat. 221,4
432,,13,,72,,p. 467,,4
432,,11,,63,,pp. 209-210,Tav. XLVIII.17.12b,4
433,,,161,,,p. 80,4.8,4
433,,,173,37,,p. 464,6,4
434,,,161,,,p. 80,4.8,4
434,,,173,37,,p. 468,6,4
435,,,161,,,p. 80,4.8,4
435,,,173,37,,p. 468,6,4
436,,,161,,,p. 80,4.8,4
436,,,173,37,,p. 468,6,4
437,,,173,27,,p. 362,cat. 333,4
437,,,178,,,p. 174,E1-19,4
438,,,173,23,,p. 301,cat. 246,4
439,,,173,12,,pp. 223-224,cat. 156,4
439,,5,,44,,p. 283,,4
440,,,173,21,,p. 301,cat. 244,4
440,,2,,,,p. 105,,4
441,,,178,,,p. 154,D-13,4
441,,5,,44,,p. 262,,4
442,,,178,,,p. 154,D-13,4
442,,5,,44,,p. 262,,4
443,,,161,,,p. 77,4.5,4
443,,,173,17,,p. 299,cat. 235,4
444,,,161,,,p. 173,29.6,4
444,,,173,19,,p. 299-300,cat. 238,4
445,,,161,,,p. 107,9.9,4
445,,,173,25,,p. 339-340,cat. 278,4
446,,,173,6,,p. 340,Tav. LXVI.30.11a,4
446,,5,,44,,p. 256,,4
447,,,161,,,p. 71-74,3.6,4
447,,,173,9,,pp. 220-221,cat. 153,4
448,,,173,10,,pp. 221-222,cat. 154,4
449,,,173,11,,pp. 222,cat. 155,4
452,,7,,45,,403-407,,4
452,,9,,48,,p. 804,,4
453,,7,,45,,403-407,,4
453,,9,,48,,p. 804,,4
454,,7,,45,,403-407,,4
454,,9,,48,,p. 804,,4
455,,7,,45,,403-407,,4
455,,9,,48,,p. 804,,4
456,,11,,67,,p. 133,,4
457,,5,,44,,p. 263,,4
457,,11,,64,,p. 480,TAV. CI.37.8.a,4
458,,,173,7,,p. 215,cat. 146,4
459,,,161,,,pp. 77-80,4.6,4
459,,,173,8,,pp. 216-217,cat. 150,4
460,,3,,41,,p. 291,fig. 331,4
460,,,173,30,,p. 105,cat. 41,4
461,,,173,39,,p. 481,30,4
461,,5,,44,,p. 256,,4
462,,,161,,,p. 107,9.6,4
462,,,173,29,,pp.101-102,cat. 35,4
463,,11,,67,,p. 132,Tav. XXI.13.1.f,4
464,,,173,27,,pp. 365-366,cat. 356,4
464,,,178,,,p. 174,E1-19,4
465,,5,,44,,p. 263,,4
465,,11,,64,,p. 484,,4
466,,5,,44,,p. 263,,4
466,,11,,64,,p. 484,,4
467,,5,,44,,p. 263,,4
467,,11,,64,,p. 484,TAV. CII.37.8aa,4
468,,5,,44,,p. 263,,4
468,,11,,64,,p. 480,TAV. CI.37.8.b,4
469,,5,,44,,p. 263,,4
469,,11,,64,,p. 481,TAV. CI.37.8.c,4
471,,,173,27,,pp. 365-366,cat. 356,4
471,,,178,,,p. 174,E1-19,4
474,,5,,44,,p. 263,,4
474,,11,,64,,p. 481,TAV. CI.37.8.d,4
475,,5,,44,,p. 263,,4
475,,11,,64,,p. 481,TAV. CI.37.8.e,4
476,,5,,44,,p. 263,,4
476,,11,,64,,p. 481,TAV. CI.37.8.f,4
477,,5,,44,,p. 263,,4
477,,11,,64,,p. 481,TAV. CI.37.8.g,4
478,,5,,44,,p. 263,,4
478,,11,,64,,p. 481,TAV. CI.37.8.h,4
479,,5,,44,,p. 263,,4
479,,11,,64,,p. 481,,4
480,,5,,44,,p. 263,,4
480,,11,,64,,p. 481,TAV. CII.37.8.j,4
481,,5,,44,,p. 263,,4
481,,11,,64,,p. 483,Tav. CIX.37.8.r,4
482,,5,,44,,p. 263,,4
482,,11,,64,,p. 483,Tav. CIX.37.8.s,4
483,,5,,44,,p. 263,,4
483,,11,,64,,p. 483,Tav. CIX.37.8.t,4
490,,11,,67,,p. 143,Tav. XXIX.13.9a,4
491,,11,,67,,p. 143,Tav. XXIX.13.9b,4
492,,11,,64,,p.492,Tav. CIV.37.14b,4
493,,11,,64,,p.492,Tav. CIV.37.14c,4
494,,11,,64,,p.493,Tav. CXIV.37.14h,4
495,,,56,,97,p. 343,fig. 286,4
495,,,161,,,p. 195,37.20,4
496,,,56,,97,p. 343,fig. 286,4
496,,,161,,,p. 195,37.21,4
497,,,56,,97,p. 343,fig. 286,4
497,,,161,,,p. 195,37.22,4
498,,,56,,97,p. 343,fig. 286,4
498,,,161,,,p. 195,37.23,4
499,,,56,,97,p. 343,fig. 286,4
499,,,161,,,p. 195,37.24,4
500,,,56,,97,p. 343,fig. 286,4
500,,,161,,,p. 195,37.25,4
501,,,56,,97,p. 343,fig. 286,4
501,,,161,,,p. 195,37.26,4
502,,,56,,97,p. 343,fig. 286,4
502,,,161,,,p. 195,37.27,4
503,,,56,,97,p. 343,fig. 286,4
503,,,161,,,p. 195,37.28,4
504,,,56,,97,p. 343,fig. 286,4
504,,,161,,,p. 195,37.29,4
506,,,56,,97,p. 343,fig. 286,4
506,,,161,,,p. 195,37.30,4
507,,2,,,,p. 109,,4
507,,11,,67,,p. 146,Tav. XXXI.13.13a,4
508,,11,,67,,p. 144,Tav. XXIX.13.12a,4
510,,,173,27,,pp. 365-366,cat. 356,4
510,,,178,,,p. 174,E1-19,4
511,,7,,45,,403-407,,4
511,,9,,48,,p. 804,,4
512,,5,,44,,p. 268,,4
513,,5,,44,,p. 268,,4
515,,13,,72,,p. 467,,4
515,,11,,63,,pp. 209-210,Tav. XLVIII.17.12b,4
516,,,178,,,p. 211,E3-39,4
516,,11,,66,,p. 344,Tav. LXI.30.11bm,4
517,,,173,33,,pp. 501-502,,4
517,,11,,66,,pp. 325-328,,4
518,,,173,33,,pp. 501-502,,4
518,,11,,66,,pp. 325-328,,4
519,,,173,33,,pp. 501-502,,4
519,,11,,66,,pp. 325-328,,4
520,,11,,64,,p. 490,Tav. CXIII.37.13a,4
521,,11,,64,,pp. 490-491,Tav. CXIII.37.13b,4
522,,11,,64,,p. 491,Tav. CXIII.37.13c,4
523,,11,,64,,p. 491,Tav. CXIII.37.13d,4
524,,11,,67,,p. 145,Tav. XXIX.13.12b,4
525,,,161,,,p. 74,3.7,4
525,,,173,13,,p. 282,cat. 189,4
526,,,161,,,p. 71,3.3,4
526,,,173,28,,pp. 365-366,cat. 356,4
527,,,173,31,,pp. 105-106,cat. 42,4
528,,11,,67,,p. 146,Tav. XXXI.13.13b,4
529,,11,,64,,pp. 489-490,Tav. CXII.37.12d,4
530,,,173,35,,pp. 502-503,,4
530,,,178,,,p. 174,E1-19,4
531,,11,,67,,p. 133,,4
532,,11,,67,,p. 133,,4
533,,11,,67,,p. 133,,4
534,,3,,42,,p. 360,fig. 436,4
534,,5,,44,,p. 231,,4
539,,13,,72,,p. 467,,4
539,,11,,63,,pp. 210-211,Tav. XLVIII.17.12e,4
540,,6,,,,p. 30,,4
540,,12,,71,,p. 684,Fig. 709,4
543,,6,,,,p. 29,,4
544,,6,,,,p. 29,,4
545,,6,,,,p. 14 e 23,,4
547,,6,,,,p. 23,,4
548,,,173,40,,p. 477,14,4
548,,5,,44,,p. 173,,4
549,,,173,40,,p. 485,29,4
549,,6,,,,p. 26,,4
550,,,155,3,,pp. 113-114,,4
551,,,155,3,,pp. 113-114,,4
552,,,56,73,,p. 159,fig. 142,4
552,,,173,61,,p. 514 6,,4
553,,,161,,,p. 220,51.33,4
553,,11,,63,,p. 201,Tav. XLI.17.8r,4
554,,11,,67,,p. 143,,4
555,,,161,,,p. 107,9.10,4
555,,,173,56,,p. 343 cat. 296,,4
556,,,161,,,p. 107,9.11,4
556,,,173,57,,p. 343 cat. 297,,4
557,,,173,55,,p. 342 cat. 292,,4
558,,,173,61,,p. 514 1,,4
559,,,173,54,,p. 342 cat. 291,,4
560,,11,,67,,p. 142,Tav. XXXIII.13.9c,4
562,,,173,50,,p. 352,,4
562,,3,,41,,p. 324,fig. 382,4
563,,,173,33,,pp. 501-502,,4
563,,11,,66,,pp. 325-328,,4
564,,11,,67,,p. 144,Tav. XXXIV.13.11b,4
565,,,173,33,,pp. 501-502,,4
565,,11,,66,,pp. 325-328,,4
566,,11,,64,,p.494,37.14n,4
567,,,56,,97,p. 343,fig. 286,4
567,,,161,,,p. 192,37.11,4
568,,2,,,,p. 101,,4
569,,,173,33,,pp. 501-502,,4
569,,11,,66,,pp. 325-328,,4
570,,,173,33,,pp. 501-502,,4
570,,11,,66,,pp. 325-328,,4
571,,,173,35,,p. 456 13,,4
571,,,178,,,p. 174,E1-19,4
572,,,173,35,,p. 456 14,,4
572,,,178,,,p. 174,E1-19,4
573,,,161,,,p. 209,48.15,4
573,,11,,67,,p. 138,Tav. XXII.13.5k,4
574,,11,,65,,p. 320,,4
575,,20,,86,,pp. 88-89,,4
576,,,173,39,,pp. 476-481,,4
576,,5,,44,,pp. 256-257,,4
577,,,173,35,,p. 456 3,,4
577,,,178,,,p. 174,E1-19,4
578,,,173,58,,p. 357 cat. 321,,4
579,,,173,34,,pp. 502-503,,4
579,,,178,,,p. 210,E3-37,4
580,,,161,,,p. 205,47.4,4
580,,11,,67,,p. 133,Tav. XXVIII.13.2a,4
581,,,161,,,p. 217,51.20,4
581,,11,,63,,p. 201,Tav. XLVII.17.8t,4
582,,,161,,,p. 217,51.21,4
582,,11,,63,,p. 199,Tav. XLVII.17.8f,4
583,,,178,,,p. 211,E3-39,4
583,,11,,66,,p. 344,Tav. LXII.30.11bj,4
584,,,178,,,p. 211,E3-39,4
584,,11,,66,,pp. 344,Tav. LXII.30.11bj,4
585,,,173,59,,p. 357 cat. 322,,4
586,,11,,64,,p.493,Tav. CXIV.37.14i,4
587,,,161,,,p. 217,51.22,4
587,,11,,63,,p. 199,Tav. XLVII.17.8g,4
588,,,173,39,,pp. 476-481,,4
588,,5,,44,,pp. 256-257,,4
589,,,178,,,p. 211,E3-39,4
589,,11,,66,,p. 344,Tav. LXII.30.11bk,4
590,,,178,,,p. 211,,4
590,,11,,66,,p. 344,Tav. LX.30.11be,4
591,,11,,70,,p. 96,Tav.XII.10.1W,4
592,,,173,33,,pp. 501-502,,4
592,,11,,66,,pp. 325-328,,4
593,,,173,33,,pp. 501-502,,4
593,,11,,66,,pp. 325-328,,4
594,,11,,67,,p. 151,Tav. XXV.13.18c,4
597,,,173,33,,pp. 501-502,,4
597,,11,,66,,pp. 325-328,,4
598,,,56,,97,p. 336,fig. 274,4
598,,,166,,94,p. 127-128,,4
599,,,56,,97,p. 344,,4
599,,,166,,94,p. 127-128,,4
600,,,166,,94,p. 127-128,,4
601,,,166,,94,p. 127-128,,4
604,,,56,73,,p. 170,figg. 158 e 160,4
604,,10,,49,,pp. 376-377,,4
605,,,161,,,p. 217,51.26,4
605,,11,,63,,pp. 199-200,Tav. XLVI.17.8k,4
606,,,161,,,p. 217,51.29,4
606,,11,,63,,p. 200,Tav. XLVII.17.8n,4
607,,,161,,,p. 217,51.25,4
607,,11,,63,,p. 199,Tav. XLVI.17.8j,4
608,,,161,,,p. 217,51.24,4
608,,11,,63,,p. 199,Tav. XLVI.17.8i,4
609,,,56,73,,p. 170,fig. 158,4
609,,10,,49,,pp. 376-377,,4
610,,,161,,,p. 217,51.23,4
610,,11,,63,,p. 199,Tav. XLVI.17.8h,4
611,,,161,,,p. 217,51.31,4
611,,11,,63,,p. 200,Tav. XLVII.17.8p,4
612,,,161,,,p. 217,51.30,4
612,,11,,63,,p. 200,Tav. XLVII.17.8o,4
613,,,56,73,,p. 170,fig. 158,4
613,,10,,49,,pp. 376-377,,4
614,,,161,,,p. 220,51.32,4
614,,11,,63,,p. 200,Tav. XLVII.17.8q,4
615,,,161,,,p. 217,51.27,4
615,,11,,63,,pp. 198-199,Tav. XL.17.8d,4
616,,,161,,,p. 217,51.28,4
616,,11,,63,,p. 200,Tav. XLVII.17.8m,4
617,,,161,,,pp. 222-223,54.15,4
618,,,161,,,p. 222,54.14,4
619,,,161,,,pp. 223,54.16,4
620,,,161,,,p. 223,54.17,4
621,,,161,,,p. 222,54.9,4
622,,,161,,,p. 222,54.12,4
623,,,161,,,p. 222,54.13,4
624,,,161,,,p. 222,54.10,4
625,,,161,,,p. 222,54.11,4
626,,,56,73,,p. 170,figg. 158 e 159,4
626,,10,,49,,pp. 376-377,,4
627,,,56,73,,p. 170,fig. 158,4
627,,10,,49,,pp. 376-377,,4
630,,,161,,,p. 199,38.21,4
630,,5,,44,,p. 141,Abb. 159,4
631,,,161,,,p. 199,38.22,4
631,,5,,44,,p. 236,Abb. 291,4
632,,,161,,,p. 199,38.19,4
632,,5,,44,,p. 141,Abb. 158,4
633,,,161,,,p. 199,38.30,4
633,,5,,44,,p. 142,Abb. 162-164,4
635,,,56,1,,p. 296,fig. 299,4
636,,,56,1,,p. 296,fig. 299,4
637,,,56,1,,p. 296,fig. 299,4
639,,,161,,,p. 196,38.12,4
640,,,161,,,p. 196,38.13,4
644,,,161,,,p. 175,29.21,4
647,,,161,,,p. 196,38.14,4
652,,,161,,,p. 74,3.12,4
653,,,161,,,p. 175,29.16,4
654,,,161,,,p. 175,29.16,4
656,,,161,,,p. 109,9.30,4
657,,,161,,,p. 109,9.30,4
658,,,161,,,p. 109,9.30,4
659,,,161,,,p. 109,9.30,4
660,,,161,,,p. 109,9.30,4
661,,,161,,,p. 109,9.30,4
662,,,161,,,p. 109,9.30,4
663,,,161,,,p. 109,9.30,4
666,,,161,,,p. 199,38.29,4
667,,,161,,,p. 199,38.26,4
668,,,161,,,p. 199,38.25,4
669,,,161,,,p. 199,38.20,4
670,,,161,,,p. 199,38.24,4
671,,,161,,,p. 199,38.23,4
672,,,161,,,p. 199,38.28,4
676,,,161,,,p. 109,9.30,4
677,,,161,,,p. 109,9.30,4
678,,,161,,,p. 109,9.30,4
679,,,161,,,p. 109,9.30,4
680,,,161,,,p. 109,9.30,4
681,,,161,,,p. 109,9.30,4
682,,,161,,,p. 109,9.30,4
683,,,161,,,p. 109,9.24,4
685,,,161,,,p. 203,42.3,4
736,,,161,,,p. 111,9.36,4
737,,,161,,,p. 111,9.35,4
754,,,161,,,p. 109,9.30,4
755,,,161,,,p. 109,9.30,4
756,,,161,,,p. 109,9.30,4
757,,,161,,,p. 109,9.30,4
758,,,161,,,p. 109,9.30,4
759,,,161,,,p. 109,9.30,4
760,,,161,,,p. 109,9.30,4
761,,,161,,,p. 109,9.32,4
762,,,161,,,p. 109,9.32,4
763,,,161,,,p. 109,9.32,4
764,,,161,,,p. 109,9.32,4
765,,,161,,,p. 109,9.32,4
766,,,161,,,p. 109,9.32,4
767,,,161,,,p. 109,9.32,4
768,,,161,,,p. 109,9.32,4
769,,,161,,,p. 109,9.32,4
770,,,161,,,p. 109,9.32,4
771,,,161,,,p. 109,9.32,4
772,,,161,,,p. 109,9.32,4
773,,,161,,,p. 109,9.32,4
774,,,161,,,p. 109,9.32,4
775,,,161,,,p. 109,9.32,4
776,,,161,,,p. 109,9.32,4
777,,,161,,,p. 109,9.32,4
778,,,161,,,p. 109,9.32,4
791,,,161,,,p. 109,9.32,4
792,,,161,,,p. 109,9.32,4
798,,,161,,,p. 111,9.34,4
799,,,161,,,p. 74,3.16,4
800,,,161,,,p. 74,3.18,4
801,,,161,,,p. 74,3.17,4
803,,,161,,,p. 109,9.27,4
805,,,161,,,p. 196,38.5,4
810,,,161,,,p. 109,9.32,4
811,,,161,,,p. 109,9.32,4
812,,,161,,,p. 109,9.32,4
813,,,161,,,p. 109,9.32,4
814,,,161,,,p. 109,9.32,4
815,,,161,,,p. 109,9.32,4
816,,,161,,,p. 109,9.32,4
817,,,161,,,p. 109,9.32,4
818,,,161,,,p. 109,9.32,4
819,,,161,,,p. 109,9.32,4
820,,,161,,,p. 109,9.32,4
821,,,161,,,p. 109,9.32,4
822,,,161,,,p. 109,9.32,4
823,,,161,,,p. 109,9.32,4
824,,,161,,,p. 109,9.32,4
825,,,161,,,p. 109,9.32,4
826,,,161,,,p. 109,9.32,4
827,,,161,,,p. 109,9.32,4
828,,,161,,,p. 109,9.32,4
829,,,161,,,p. 109,9.32,4
830,,,161,,,p. 109,9.32,4
831,,,161,,,p. 109,9.32,4
832,,,161,,,pp. 196-197,38.17,4
1006,,,161,,,p. 192,37.14,4
1008,,,161,,,p. 88,5.18,4
1052,,,161,,,p. 74,3.13,4
1053,,,161,,,p. 176,,4
1055,,,161,,,p. 215,51.10,4
1059,,,161,,,p. 173,29.3,4
1064,,,161,,,p. 175,29.20,4
1069,,,161,,,p. 109,9.16,4
1075,,,161,,,p. 109,9.16,4
1124,,,161,,,p. 109,9.16,4
1125,,,161,,,p. 109,9.16,4
1126,,,161,,,p. 109,9.15,4
1127,,,161,,,p. 173,29.9,4
1132,,,161,,,p. 173,29.9,4
1140,,,161,,,p. 173,29.9,4
1142,,,161,,,p. 109,9.23,4
1143,,,161,,,p. 109,9.23,4
1144,,,161,,,p. 109,9.23,4
1145,,,161,,,p. 74,3.10,4
1146,,,161,,,p. 74,3.10,4
1147,,,161,,,p. 74,3.10,4
1148,,,161,,,p. 74,3.10,4
1149,,,161,,,p. 74,3.10,4
1180,,,161,,,p. 109,9.14,4
1181,,,161,,,p. 207,48.10,4
1203,,,161,,,p. 74,3.10,4
1204,,,161,,,p. 192,37.12,4
1205,,,161,,,p. 80,4.7,4
1207,,,161,,,p. 80,4.7,4
1209,,,161,,,p. 113-115,9.54,4
1222,,,161,,,p. 217,51.18,4
1223,,,161,,,p. 217,51.19,4
1225,,,161,,,p. 80,4.7,4
1226,,,161,,,p. 80,4.7,4
1227,,,161,,,p. 195,37.19,4
1236,,,161,,,p. 109,9.28,4
1237,,,161,,,p. 74,3.14,4
1238,,,161,,,p. 74,3.14,4
1239,,,161,,,p. 80,4.7,4
1240,,,161,,,p. 175,29.17,4
1241,,,161,,,p. 175,29.17,4
1242,,,161,,,p. 175,29.17,4
1243,,,161,,,p. 111,9.39,4
1248,,,161,,,p. 173,29.4,4
1308,,,161,,,p. 80,4.7,4
1311,,,161,,,p. 115,9.55,4
1315,,,161,,,p. 111,9.37,4
1316,,,161,,,p. 175,29.22,4
1403,,,161,,,p. 80,4.7,4
1404,,,161,,,p. 80,4.7,4
1405,,,161,,,p. 80,4.7,4
1406,,,161,,,p. 80,4.7,4
1407,,,161,,,p. 80,4.7,4
1408,,,161,,,p. 80,4.7,4
1409,,,161,,,p. 80,4.7,4
1410,,,161,,,p. 80,4.7,4
1411,,,161,,,p. 80,4.7,4
1412,,,161,,,p. 80,4.7,4
1413,,,161,,,p. 80,4.7,4
1414,,,161,,,p. 80,4.7,4
1415,,,161,,,p. 80,4.7,4
1416,,,161,,,p. 80,4.7,4
1418,,,161,,,p. 207,48.9,4
1426,,,161,,,p. 196,30.9,4
1431,,,161,,,p. 115,9.57,4
1433,,,161,,,p. 196,38.10,4
1468,,,161,,,p. 111,9.41,4
1475,,,161,,,p. 74,3.19,4
1476,,,161,,,p. 201,39.2,4
1478,,,161,,,p. 192,37.10,4
1484,,,161,,,p. 175,29.23,4
1506,,,161,,,p. 88,5.17,4
1509,,,161,,,p. 115,9.56,4
1516,,,161,,,p. 109-111,9.33,4
1517,,,161,,,p. 74,3.15,4
1518,,,161,,,p. 88,5.15,4
1519,,,161,,,p. 175,29.18,4
1520,,,161,,,p. 175,29.19,4
1537,,,161,,,p. 196,38.8,4
1538,,,161,,,p. 196,38.7,4
1552,,,161,,,p. 212,50.7,4
1555,,,161,,,p. 184,32.10,4
1556,,,161,,,p. 184,32.11,4
1557,,,161,,,p. 184,32.13b,4
1560,,,161,,,p. 184,32.12,4
1567,,,161,,,p. 80,4.7,4
1570,,,161,,,p. 80,4.7,4
1571,,,161,,,p. 184,32.13c,4
1617,,,161,,,p. 109,9.22,4
1624,,,161,,,p. 77,4.2,4
1626,,,161,,,p. 107,9.12,4
1631,,,161,,,p. 71,3.5,4
1637,,,161,,,p. 173,29,4
1638,,,161,,,p. 173,29,4
1661,,,161,,,p. 77,4.3,4
1662,,,161,,,p. 77,4.4,4
1663,,,161,,,p. 77,4.4,4
1679,,,161,,,p. 62,1.6,4
1684,,,161,,,p. 207,48.11,4
1690,,,161,,,p. 88,5.16,4
1703,,,161,,,p. 109,9.28,4
1783,,,161,,,p. 101,8.30,4
1784,,,161,,,p. 101,8.31,4
1785,,,161,,,p. 101,8.33,4
1807,,,161,,,p. 207,48.7,4
1813,,,56,1,,p. 296,fig. 299,4
1819,,,161,,,p. 209,48.14,4
1823,,,161,,,p. 175,29.15,4
1824,,,161,,,p. 209,48.13,4
1832,,,161,,,p. 196,38.4,4
1833,,,161,,,p. 196,38.4,4
1834,,,161,,,p. 196,38.4,4
1835,,,161,,,p. 196,38.4,4
1836,,,161,,,p. 196,38.4,4
1848,,,161,,,p. 111,9.45,4
1849,,,161,,,p. 111,9.44,4
1850,,,161,,,p. 111,9.43,4
1851,,,161,,,p. 111,9.42,4
1852,,,161,,,p. 74,3.20,4
1853,,,161,,,p. 74,3.21,4
1854,,,161,,,p. 76,3.22,4
1855,,,161,,,p. 76,3.23,4
1856,,,161,,,p. 76,3.24,4
1858,,,161,,,p. 195,37.15,4
1859,,,161,,,p. 76,3.25,4
1860,,,161,,,p. 76,3.26,4
1861,,,161,,,p. 76,3.27,4
1862,,,161,,,p. 76,3.28,4
1863,,,161,,,p. 77,3.40,4
1864,,,161,,,p. 76,3.29,4
1865,,,161,,,p. 76,3.30,4
1866,,,161,,,p. 76,3.31,4
1867,,,161,,,p. 76,3.32,4
1868,,,161,,,p. 76,3.33,4
1869,,,161,,,p. 76,3.34,4
1870,,,161,,,p. 76,3.35,4
1884,,,161,,,pp. 76-77,3.36,4
1905,,,161,,,p. 77,3.37,4
1906,,,161,,,p. 77,3.38,4
1907,,,161,,,p. 77,3.39,4
1908,,,161,,,p. 88,5.18,4
1909,,,161,,,p. 88,5.19,4
1910,,,161,,,p. 88,5.22,4
1911,,,161,,,p. 175,29.24,4
1912,,,161,,,p. 175,29.25,4
1913,,,161,,,p. 175,29.26,4
1914,,,161,,,p. 175,29.27,4
1916,,,161,,,p. 175,29.28,4
1917,,,161,,,p. 80,4.7,4
1918,,,161,,,p. 176,29.29,4
1924,,,161,,,p. 195,37.16,4
1925,,,161,,,p. 80,4.7,4
1927,,,161,,,p. 176,29.30,4
1930,,,161,,,p. 176,29.31,4
1931,,,161,,,p. 176,29.32,4
1932,,,161,,,p. 176,29.33,4
1933,,,161,,,p. 176,29.34,4
1934,,,161,,,p. 176,29.35,4
1935,,,161,,,p. 176,29.36,4
1936,,,161,,,p. 176,29.37,4
1937,,,161,,,p. 176,29.38,4
1938,,,161,,,p. 176,29.39,4
1939,,,161,,,p. 176,29.40,4
1943,,,161,,,p. 176,29.41,4
1944,,,161,,,p. 176,29.42,4
1945,,,161,,,p. 176,29.43,4
1946,,,161,,,p. 176,29.44,4
1947,,,161,,,p. 196,38.2,4
1949,,,161,,,p. 176,29.45,4
1950,,,161,,,p. 176,29.46,4
1956,,,56,1,,p. 282,fig. 200,4
1956,,5,,44,,p. 230,Abb. 268,4
1957,,,178,,,p. 154,D-13,4
1957,,5,,44,,p. 261,46.5,4
1958,,,178,,,p. 154,D-13,4
1958,,5,,44,,p. 230,Abb. 269,4
1959,,,178,,,p. 154,D-12,4
1959,,5,,44,,p. 124,Abb. 98,4
1960,,,178,,,p. 154,D-13,4
1960,,5,,44,,p. 261,46.3,4
1961,,,178,,,p. 154,D-13,4
1961,,5,,44,,p. 122,Abb. 92,4
1962,,,178,,,p. 154,D-13,4
1962,,5,,44,,p. 261,46.4,4
1963,,,161,,,p. 82,4.19,4
1963,,,173,37,,p. 471 16,,4
1964,,,161,,,p. 82,4.20,4
1964,,,173,37,,p. 471 17,,4
1965,,,161,,,p. 82,4.22,4
1965,,,173,37,,p. 471 19,,4
1966,,,161,,,p. 80,4.14,4
1966,,,173,37,,pp. 469-470 11,,4
1967,,,161,,,p. 82,4.18,4
1967,,5,,44,,p. 225,Abb. 254,4
1968,,,161,,,p. 82,4.21,4
1968,,5,,44,,p. 222,Abb. 247,4
1969,,,161,,,pp. 82-85,4.23,4
1969,,,173,37,,p. 472 20,,4
1970,,,161,,,p. 80,4.13,4
1970,,,173,37,,p. 469 10,,4
1971,,,161,,,p. 80,4.12,4
1971,,,173,37,,p. 469 9,,4
1972,,,161,,,pp. 85,4.24,4
1972,,5,,44,,p. 133,Abb. 133,4
1973,,,161,,,p. 82,4.17,4
1973,,,173,37,,p. 470 14,,4
1974,,,161,,,pp.80- 82,4.15,4
1974,,,173,37,,p. 470 12,,4
1975,,11,,67,,p. 146,Tav. XXIV.13.13e,4
1976,,11,,67,,p. 145,Tav. XXIII.13.12d,4
1977,,,161,,,p. 109,9.13,4
1977,,,173,53,,p. 306 cat. 264,,4
1978,,,161,,,p. 74,3.8,4
1978,,,173,36,,p. 465 13,,4
1979,,9,,48,,p. 804,,4
1979,,7,,45,,pp. 403-407,,4
1980,,9,,48,,p. 804,,4
1980,,7,,45,,pp. 403-407,,4
1981,,,161,,,p. 82,4.16,4
1981,,,173,37,,p. 470 13,,4
1982,,,173,34,,pp. 502-503,,4
1982,,3,,41,,p. 323,fig. 381,4
1983,,,173,34,,pp. 502-503,,4
1983,,3,,41,,p. 323,fig. 381,4
1984,,5,,44,,p. 268,77.8,4
1985,,,178,,,p. 154,D-13,4
1985,,5,,44,,p. 262,46.34.00,4
1986,,,161,,,p. 80,4.7,4
1986,,,173,37,,p. 469 8,,4
1987,,,173,35,,p. 456 10,,4
1987,,,178,,,p. 174,E1-19,4
1988,,,173,35,,p. 456 10,,4
1988,,,178,,,p. 174,E1-19,4
1989,,,173,35,,p. 456 10,,4
1989,,,178,,,p. 174,E1-19,4
1990,,,173,35,,p. 456 10,,4
1990,,,178,,,p. 174,E1-19,4
1991,,,173,35,,p. 456 10,,4
1991,,,178,,,p. 174,E1-19,4
1992,,,173,35,,p. 456 10,,4
1992,,,178,,,p. 174,E1-19,4
1993,,,173,35,,p. 456 10,,4
1993,,,178,,,p. 174,E1-19,4
1994,,,173,35,,p. 456 10,,4
1994,,,178,,,p. 174,E1-19,4
1995,,,173,35,,p. 456 10,,4
1995,,,178,,,p. 174,E1-19,4
1996,,,173,35,,p. 456 10,,4
1996,,,178,,,p. 174,E1-19,4
1997,,,173,35,,p. 456 10,,4
1997,,,178,,,p. 174,E1-19,4
1998,,,173,35,,p. 456 10,,4
1998,,,178,,,p. 174,E1-19,4
1999,,,173,34,,pp. 502-503,,4
1999,,,178,,,p. 210,E3-37,4
2000,,,173,34,,pp. 502-503,,4
2000,,,178,,,p. 210,E3-37,4
2001,,,173,34,,pp. 502-503,,4
2001,,,178,,,p. 210,E3-37,4
2002,,,178,,,p. 211,E3-39,4
2002,,11,,66,,p. 344,Tav. LXI.30.11bi,4
2003,,,173,33,,pp. 501-502,,4
2003,,11,,66,,pp. 325-328,,4
2004,,,173,33,,pp. 501-502,,4
2004,,11,,66,,pp. 325-328,,4
2005,,,173,33,,pp. 501-502,,4
2005,,11,,66,,pp. 325-328,,4
2006,,,173,33,,pp. 501-502,,4
2006,,11,,66,,pp. 325-328,,4
2007,,,161,,,p. 203,,4
2007,,1,,2,,p. 295,fig. 146,4
2008,,,173,33,,pp. 501-502,,4
2008,,11,,66,,pp. 325-328,,4
2009,,,173,33,,pp. 501-502,,4
2009,,11,,66,,pp. 325-328,,4
2010,,,173,33,,pp. 501-502,,4
2010,,11,,66,,pp. 325-328,,4
2011,,11,,64,,p.494,Tav. CXVII.37.14q,4
2012,,,174,81,,p. 109,,4
2013,,11,,63,,pp. 209-210,Tav. XLVIII.17.12b,4
2013,,13,,72,,p. 467,,4
2014,,20,,86,,pp. 88-89,,4
2015,,,173,27,,pp. 365-366 cat. 356,,4
2015,,,178,,,p. 174,E1-19,4
2016,,,161,,,p. 80,4.10,4
2016,,,173,37,,p. 472 22,,4
2017,,,161,,,p. 80,4.11,4
2017,,,173,37,,p. 472 23,,4
2018,,,173,35,,p. 457 18,,4
2018,,,178,,,p. 174,E1-19,4
2019,,,173,35,,p. 457 19,,4
2019,,,178,,,p. 174,E1-19,4
2020,,,173,35,,p. 457 20,,4
2020,,,178,,,p. 174,E1-19,4
2021,,,173,35,,p. 457 21,,4
2021,,,178,,,p. 174,E1-19,4
2022,,,173,,62,p. 468 4,,4
2023,,,173,35,,p. 457-458 22,,4
2023,,,178,,,p. 174,E1-19,4
2024,,,173,35,,p. 458 23,,4
2024,,,178,,,p. 174,E1-19,4
2025,,,173,35,,p. 458 24,,4
2025,,,178,,,p. 174,E1-19,4
2026,,,173,35,,p. 458 25,,4
2026,,,178,,,p. 174,E1-19,4
2027,,,173,35,,p. 458 26,,4
2027,,,178,,,p. 174,E1-19,4
2028,,,173,35,,p. 458 27,,4
2028,,,178,,,p. 174,E1-19,4
2029,,,173,35,,p. 458 28,,4
2029,,,178,,,p. 174,E1-19,4
2030,,,173,34,,pp. 502-503,,4
2030,,,178,,,p. 210,E3-37,4
2031,,,173,34,,pp. 502-503,,4
2031,,,178,,,p. 210,E3-37,4
2032,,,173,34,,pp. 502-503,,4
2032,,,178,,,p. 210,E3-37,4
2033,,,173,34,,pp. 502-503,,4
2033,,,178,,,p. 210,E3-37,4
2034,,,173,34,,pp. 502-503,,4
2034,,,178,,,p. 210,E3-37,4
2035,,,173,34,,pp. 502-503,,4
2035,,,178,,,p. 210,E3-37,4
2037,,14,,78,,p. 85,,4
2037,,15,,79,,p. 132,Fig 47.,4
2037,,12,,71,,p. 703,Fig. 728,4
2038,,,173,50,,p. 348,,4
2039,,15,,79,,p. 132,Fig 47.,4
2039,,12,,71,,p. 703,Fig. 728,4
2040,,3,,42,,p. 389,fig. 479,4
2040,,15,,79,,p. 132,Fig 47.,4
2041,,15,,79,,p. 132,Fig 47.,4
2041,,12,,71,,p. 703,Fig. 728,4
2042,,,173,27,,pp. 365-366 cat. 356,,4
2042,,,178,,,p. 174,E1-19,4
2043,,,173,27,,pp. 365-366 cat. 356,,4
2043,,,178,,,p. 174,E1-19,4
2044,,,173,27,,pp. 365-366 cat. 356,,4
2044,,,178,,,p. 174,E1-19,4
2045,,,173,27,,pp. 365-366 cat. 356,,4
2045,,,178,,,p. 174,E1-19,4
2046,,,56,,97,p. 343,fig. 286,4
2046,,,161,,,p. 192,37.13,4
2047,,,161,,,p. 203,,4
2047,,1,,2,,p. 295,fig. 146,4
2048,,,161,,,p. 203,,4
2048,,1,,2,,p. 295,fig. 146,4
2049,,11,,63,,pp. 209-210,Tav. XLVIII.17.12b,4
2049,,13,,72,,p. 467,,4
2050,,11,,63,,pp. 209-210,Tav. XLVIII.17.12b,4
2050,,13,,72,,p. 467,,4
2051,,11,,64,,p.495,Tav. CXVII.37.14s,4
2052,,,173,33,,pp. 501-502,,4
2052,,11,,66,,pp. 325-328,,4
2053,,,161,,,p. 175,29.14,4
2053,,,173,32,,p. 504 12,,4
2054,,,161,,,p. 203,,4
2054,,1,,2,,p. 295,fig. 146,4
2055,,11,,63,,pp. 209-210,Tav. XLVIII.17.12b,4
2055,,13,,72,,p. 467,,4
2056,,,173,27,,pp. 365-366 cat. 356,,4
2056,,,178,,,p. 174,E1-19,4
2057,,,178,,,p. 211,E3-39,4
2057,,11,,66,,pp. 344-345,Tav. LXII.30.11bn,4
2058,,,178,,,p. 211,E3-39,4
2058,,11,,66,,p. 345,Tav. LXII.30.11bn,4
2059,,,178,,,p. 211,E3-39,4
2059,,11,,66,,p. 345,Tav. LXII.30.11bn,4
2060,,,173,33,,pp. 501-502,,4
2060,,11,,66,,pp. 325-328,,4
2061,,,173,33,,pp. 501-502,,4
2061,,11,,66,,pp. 325-328,,4
2062,,,173,33,,pp. 501-502,,4
2062,,11,,66,,pp. 325-328,,4
2063,,,173,33,,pp. 501-502,,4
2063,,11,,66,,pp. 325-328,,4
2064,,,173,33,,pp. 501-502,,4
2064,,11,,66,,pp. 325-328,,4
2065,,,173,33,,pp. 501-502,,4
2065,,11,,66,,pp. 325-328,,4
2066,,,173,33,,pp. 501-502,,4
2066,,11,,66,,pp. 325-328,,4
2067,,,173,33,,pp. 501-502,,4
2067,,11,,66,,pp. 325-328,,4
2068,,,173,34,,pp. 502-503,,4
2068,,,178,,,p. 210,E3-37,4
2069,,,173,34,,pp. 502-503,,4
2069,,,178,,,p. 210,E3-37,4
2070,,,173,34,,pp. 502-503,,4
2070,,,178,,,p. 210,E3-37,4
2071,,,173,34,,pp. 502-503,,4
2071,,,178,,,p. 210,E3-37,4
2072,,,173,34,,pp. 502-503,,4
2072,,,178,,,p. 210,E3-37,4
2073,,,173,34,,pp. 502-503,,4
2073,,,178,,,p. 210,E3-37,4
2074,,,173,34,,pp. 502-503,,4
2074,,,178,,,p. 210,E3-37,4
2077,,,56,73,,p. 170,fig. 158,4
2077,,10,,49,,pp. 376-377,,4
2078,,,56,73,,p. 170,fig. 158,4
2078,,10,,49,,pp. 376-377,,4
2079,,,56,73,,p. 170,fig. 158,4
2079,,10,,49,,pp. 376-377,,4
2080,,,56,73,,p. 170,fig. 158,4
2080,,10,,49,,pp. 376-377,,4
2081,,,173,34,,pp. 502-503,,4
2081,,,178,,,p. 210,E3-37,4
2082,,,56,73,,p. 170,fig. 158,4
2082,,10,,49,,pp. 376-377,,4
2083,,,56,73,,p. 170,fig. 158,4
2083,,10,,49,,pp. 376-377,,4
2084,,,56,73,,p. 170,fig. 158,4
2084,,10,,49,,pp. 376-377,,4
2085,,,161,,,pp. 207-209,48.12,4
2085,,11,,67,,p. 137,Tav. XXII.13.5e,4
2086,,,173,50,,p. 348,,4
2088,,,161,,,p. 203,,4
2088,,1,,2,,p. 295,fig. 146,4
2089,,,161,,,p. 80,4.9,4
2089,,,173,37,,p. 468 6a,,4
2090,,,173,27,,pp. 365-366 cat. 356,,4
2090,,,178,,,p. 174,E1-19,4
2091,,,173,35,,p. 456 10,,4
2091,,,178,,,p. 174,E1-19,4
2092,,15,,79,,p. 132,,4
2093,,,95,4,,pp. 56-57,,4
2093,,19,,85,,p. 212,,4
2094,,9,,48,,p. 804,,4
2094,,7,,45,,pp. 403-407,,4
2095,,,161,,,p. 203,,4
2095,,1,,2,,p. 295,fig. 146,4
2096,,17,,80,,p. 52,,4
2097,,5,,44,,p. 268,82.16.00,4
2098,,,173,34,,pp. 502-503,,4
2098,,,178,,,28-29,,4
2099,,,56,,97,p. 343,fig. 286,4
2099,,,161,,,p. 195,37.17,4
2100,,,173,34,,pp. 502-503,,4
2100,,,178,,,p. 210,E3-37,4
2102,,7,,45,,403-407,,4
2102,,9,,48,,p. 804,,4
2105,,8,,46,,pp. 854-855,,4
2109,,3,,41,,p. 324,fig. 383,4
2109,,12,,71,,p. 664,Fig. 680,4
2112,,,270,,47,pp. 186-187,,4
2112,,17,,80,,p. 56,,4
2113,,,270,,47,pp. 186-187,,4
2113,,17,,80,,p. 56,,4
2125,,12,,71,,p. 667,Fig. 686,4