"scheda_temp","biblio","pagine"
1,209,"93/1a"
2,209,"98A/1a"
3,209,"98A/1c"
4,209,"98?"
5,209,"287/1"
6,209,"287/1"
7,209,"287/1"
8,209,"222/1"
9,209,"53/2"
10,209,"53/2"
11,209,"53/2"
12,209,"53/2"
13,209,"53/2"
14,209,"53/2"
15,209,"53/2"
16,209,"53/2"
17,209,"53/2"
18,209,"53/2"
19,209,"53/2"
20,209,"53/2"
21,209,"53/2"
22,209,"53/2"
23,209,"53/2"
24,209,"53/2"
25,209,"53/2"
26,209,"53/2"
27,209,"53/2"
28,209,"53/2"
29,209,197
30,209,197
31,209,197
32,209,197
33,209,197
34,209,197
35,209,"350A/1"
36,209,"83/2"
37,209,"121/2"
38,209,"121/2"
39,209,"89/2"
40,209,"115/1"
41,209,"115/1"
42,209,"113/1"
43,209,"114/1"
44,209,"114/1"
45,209,"141/1"
46,209,"141/1"
47,209,"244/1"
48,209,"250/1"
49,209,"486/1"
50,209,"486/1"
51,209,"486/1"
52,209,"486/1"
53,209,"486/1"
54,209,"271/1"
55,209,"255/1"
56,209,"442/1a"
57,209,"442/1a"
58,209,"442/1a"
59,209,"442/1a"
60,209,"442/1a"
61,209,"442/1a"
62,209,"442/1a"
63,209,"442/1a"
64,209,"442/1a"
65,209,"442/1a"
66,209,"442/1a"
67,209,"442/1a"
68,209,"442/1a"
69,209,"442/1a"
70,209,"442/1a"
71,209,"442/1a"
72,209,"442/1a"
73,209,"442/1a"
74,209,"442/1a"
75,209,"442/1a"
76,209,"442/1a"
77,209,"442/1a"
78,209,"442/1a"
79,209,"442/1a"
80,209,"442/1a"
81,209,"442/1a"
82,209,"442/1a"
83,209,"442/1a"
84,209,"442/1a"
85,209,"442/1a"
86,209,"442/1a"
87,209,"233/1"
88,209,"233/1"
89,209,"233/1"
90,209,"233/1"
91,209,"233/1"
92,209,"156/1"
93,209,"336/1b"
94,209,"336/1b"
95,209,"336/1b"
96,209,"336/1b"
97,209,"336/1b"
98,209,"336/1b"
99,209,"291/1"
100,209,"291/1"
101,209,"291/1"
102,209,"291/1"
103,209,"291/1"
104,209,"291/1"
105,209,"291/1"
106,209,"291/1"
107,209,"291/1"
108,209,"291/1"
109,209,"291/1"
110,209,"422/1b"
111,209,"422/1a"
112,209,"422/1b"
113,209,"422/1b"
114,209,"422/1b"
115,209,"422/1b"
116,209,"422/1b"
117,209,"422/1b"
118,209,"422/1b"
119,209,"422/1b"
120,209,"422/1b"
121,209,"422/1b"
122,209,"415/1"
123,209,"415/1"
124,209,"415/1"
125,209,"415/1"
126,209,"415/1"
127,209,"415/1"
128,209,"415/1"
129,209,"415/1"
130,209,"417/1a"
131,209,"417/1a"
132,209,"419/1c"
133,209,"495/2d"
134,209,"206/1"
135,209,"206/1"
136,209,"457/1"
137,209,"457/1"
138,209,"366/4"
139,209,"366/1a"
140,209,"366/1a"
141,209,"366/1a"
142,209,"366/1a"
143,209,"366/1a"
144,209,"336/3a"
145,209,"336/3a"
146,209,"219/ 1e"
147,209,"219/ 1e"
148,209,"219/ 1e"
149,209,"219/ 1e"
150,209,"291/1a"
151,209,"238/1"
152,209,"238/1"
153,209,"238/1"
154,209,"238/1"
155,209,"238/1"
156,209,"238/1"
157,209,"238/1"
158,209,"238/1"
159,209,"455/1a"
160,209,"455/1a"
161,209,"455/2a"
162,209,"364/1d"
163,209,"364/1d"
164,209,"364/1d"
165,209,"364/1d"
166,209,"364/1d"
167,209,"364/1d"
168,209,"364/1d"
169,209,"364/1d"
170,209,"364/1d"
171,209,"364/1d"
172,209,"364/1d"
173,209,"364/1d"
174,209,"364/1d"
175,209,"364/1d"
176,209,"364/1d"
177,209,"364/1d"
178,209,"364/1d"
179,209,"364/1d"
180,209,"364/1d"
181,209,"364/1d"
182,209,"488/1"
183,209,"488/1"
184,209,"489/4"
185,209,"489/4"
186,209,"489/4"
187,209,"489/4"
188,209,"489/4"
189,209,"489/4"
190,209,"489/4"
191,209,"489/4"
192,209,"489/4"
193,209,"489/4"
194,209,"489/4"
195,209,"489/4"
196,209,"489/4"
197,209,"489/4"
198,209,"489/4"
199,209,"489/4"
200,209,"489/4"
201,209,"489/3"
202,209,"489/3"
203,209,"489/3"
204,209,"489/6"
205,209,"496/2"
206,209,"489/6"
207,209,"489/6"
208,209,"489/5"
209,209,"489/5"
210,209,"489/5"
211,209,"489/5"
212,209,"489/5"
213,209,"496/1"
214,209,"517/2"
215,209,"528/2b"
216,209,"528/2b"
217,209,"528/2b"
218,209,"528/2b"
219,209,"529/4"
220,209,"529/4"
221,209,"529/4"
222,209,"529/4"
223,209,"529/4"
224,209,"529/4"
225,209,"529/4"
226,209,"529/4"
227,209,"529/4"
228,209,"529/4"
229,209,"529/4"
230,209,"529/4"
231,209,"529/4"
232,209,"529/4"
233,209,"529/4"
234,209,"529/4"
235,209,"529/4"
236,209,"529/4"
237,209,"529/4"
238,209,"529/4"
239,209,"529/4"
240,209,"529/4"
241,209,"529/4"
242,209,"529/4"
243,209,"529/4"
244,209,"529/4"
245,209,"529/4"
246,209,"529/4"
247,209,"529/4"
248,209,"529/4"
249,209,"529/4"
250,209,"529/4"
251,209,"529/4"
252,209,"529/4"
253,209,"529/4"
254,209,"529/4"
255,209,"529/4"
256,209,"529/4"
257,209,"529/4"
258,209,"529/4"
259,209,"529/4"
260,209,"529/4"
261,209,"529/4"
262,209,"529/4"
263,209,"529/4"
264,209,"529/4"
265,209,"529/4"
266,209,"529/4"
267,209,"529/4"
268,209,"529/4"
269,209,"529/4"
270,209,"529/4"
271,209,"529/4"
272,209,"529/4"
273,209,"529/4"
274,209,"529/4"
275,209,"529/4"
276,209,"529/4"
277,209,"529/4"
278,209,"529/4"
279,209,"529/4"
280,209,"529/4"
281,209,"529/4"
282,209,"529/4"
283,209,"529/4"
284,209,"529/4"
285,209,"529/4"
286,209,"529/4"
287,209,"529/4"
288,209,"529/4"
289,209,"529/4"
290,209,"517/5a"
291,209,"517/2"
292,209,"517/2"
293,209,"517/2"
294,209,"517/2"
295,209,"517/2"
296,209,"517/2"
297,209,"517/2"
298,209,"517/2"
299,209,"517/2"
300,209,"517/2"
301,209,"517/2"
302,209,"517/2"
303,209,"517/2"
304,209,"533/2"
305,209,"317/3a"
306,209,"317/3a"
307,209,"317/1"
308,209,"317/3a"
309,209,"317/3a"
310,209,"317/3a"
311,209,"317/3a"
312,209,"317/1"
313,209,"317/3a"
314,209,"303/1"
315,209,"401/1"
316,209,"401/1"
317,209,"401/1"
318,209,"401/1"
319,209,"401/1"
320,209,"401/1"
321,209,"401/1"
322,209,"214/1a"
323,209,"214/1b"
324,209,"214/1b"
325,209,"214/1b"
326,209,"214/1b"
327,209,"214/1b"
328,209,"221/1"
329,209,"282/1"
330,209,"282/1"
331,209,"282/1"
332,209,"282/1"
333,209,"236/1a"
334,209,"236/1a"
335,209,"236/1a"
336,209,"236/1a"
337,209,"236/1a"
338,209,"236/1a"
339,209,"236/1a"
340,209,"236/1a"
341,209,"236/1a"
342,209,"236/1a"
343,209,"236/1a"
344,209,"236/1a"
345,209,"236/1a"
346,209,"236/1a"
347,209,"236/1a"
348,209,"488/1"
349,209,"256/1"
350,209,"256/1"
351,209,"256/1"
352,209,"256/1"
353,209,"263/1b"
354,209,"263/1b"
355,209,"263/1b"
356,209,"369/1"
357,209,"262/1"
358,209,"262/1"
359,209,"262/1"
360,209,"374/1"
361,209,"374/1"
362,209,"374/1"
363,209,"374/1"
364,209,"374/1"
365,209,"374/1"
366,209,"374/1"
367,209,"374/1"
368,209,"374/1"
369,209,"335/1a"
370,209,"459/1"
371,209,"459/1"
372,209,"459/1"
373,209,"461/1"
374,209,"298/1"
375,209,"298/1"
376,209,"298/1"
377,209,"298/1"
378,209,"298/1"
379,209,"284/1a"
380,209,"284/1a"
381,209,"284/1a"
382,209,"284/1a"
383,209,"247/1"
384,209,"247/1"
385,209,"330/1b"
386,209,"330/1b"
387,209,"330/1b"
388,209,"330/1b"
389,209,"330/1b"
390,209,"330/1b"
391,209,"340/1"
392,209,"340/1"
393,209,"340/1"
394,209,"340/1"
395,209,"340/1"
396,209,"340/1"
397,209,"340/1"
398,209,"340/1"
399,209,"340/1"
400,209,"340/1"
401,209,"340/1"
402,209,"340/1"
403,209,"340/1"
404,209,"340/1"
405,209,"340/1"
406,209,"340/1"
407,209,"340/1"
408,209,"340/1"
409,209,"340/1"
410,209,"340/1"
411,209,"340/1"
412,209,"340/1"
413,209,"340/1"
414,209,"340/1"
415,209,"340/1"
416,209,"340/1"
417,209,"340/1"
418,209,"340/1"
419,209,"340/2b"
420,209,"340/2b"
421,209,"340/2a"
422,209,"408/1a"
423,209,"408/1a"
424,209,"408/1a"
425,209,"408/1a"
426,209,"408/1a"
427,209,"408/1a"
428,209,"408/1a"
429,209,"408/1b"
430,209,"408/1a"
431,209,"547/1"
432,209,"464/2"
433,209,"464/2"
434,209,"464/2"
435,209,"464/4"
436,209,"464/4"
437,209,"464/4"
438,209,"464/4"
439,209,"464/4"
440,209,"464/4"
441,209,"464/4"
442,209,"464/4"
443,209,"464/5"
444,209,"464/5"
445,209,"464/5"
446,209,"464/5"
447,209,"464/5"
448,209,"464/5"
449,209,"464/5"
450,209,"464/5"
451,209,"464/5"
452,209,"464/5"
453,209,"464/3b"
454,209,"464/3b"
455,209,"464/3b"
456,209,"464/3b"
457,209,"464/3b"
458,209,"464/1"
459,209,"464/1"
460,209,"464/1"
461,209,"266/1"
462,209,"266/1"
463,209,"266/1"
464,209,"266/1"
465,209,"266/1"
466,209,"321/1"
467,209,"321/1"
468,209,"321/1"
469,209,"321/1"
470,209,"386/1"
471,209,"428/3"
472,209,"428/3"
473,209,"428/3"
474,209,"428/3"
475,209,"428/3"
476,209,"428/3"
477,209,"428/3"
478,209,"428/3"
479,209,"413/1"
480,209,"413/1"
481,209,"500/5"
482,209,"289/1"
483,209,"289/1"
484,209,"289/1"
485,209,"289/1"
486,209,"289/1"
487,209,"289/1"
488,209,"289/1"
489,209,"289/1"
490,209,"289/1"
491,209,"289/1"
492,209,"289/1"
493,209,"289/1"
494,209,"289/1"
495,209,"289/1"
496,209,"289/1"
497,209,"300/1"
498,209,"300/1"
499,209,"300/1"
500,209,"300/1"
501,209,"300/1"
502,209,"300/1"
503,209,"300/1"
504,209,"300/1"
505,209,"300/1"
506,209,"300/1"
507,209,"300/1"
508,209,"300/1"
509,209,"RCC 299/1b"
510,209,"383/1"
511,209,"383/1"
512,209,"383/1"
513,209,"383/1"
514,209,"383/1"
515,209,"383/1"
516,209,"383/1"
517,209,"383/1"
518,209,"383/1"
519,209,"383/1"
520,209,"439/1"
521,209,"512/2"
522,209,"494/23"
523,209,"494/23"
524,209,"494/23"
525,209,"494/23"
526,209,"494/23"
527,209,"494/23"
528,209,"494/23"
529,209,"494/23"
530,209,"494/23"
531,209,"494/23"
532,209,"494/23"
533,209,"494/23"
534,209,"494/23"
535,209,"494/23"
536,209,"494/23"
537,209,"260/1"
538,209,"332/1a"
539,209,"332/1a"
540,209,"332/1a"
541,209,"332/1a"
542,209,"332/1a"
543,209,"332/1a"
544,209,"332/1a"
545,209,"332/1a"
546,209,"332/1a"
547,209,"332/1a"
548,209,"332/1a"
549,209,"332/1a"
550,209,"332/1a"
551,209,"332/1a"
552,209,"154/1"
553,209,"318/b"
554,209,"318/b"
555,209,"318/b"
556,209,"318/b"
557,209,"318/a"
558,209,"437/1a"
559,209,"437/1a"
560,209,"437/1a"
561,209,"437/4b"
562,209,"465/2b"
563,209,"465/2b"
564,209,"465/2b"
565,209,"465/2b"
566,209,"465/2b"
567,209,"465/2b"
568,209,"465/1a"
569,209,"465/1a"
570,209,"465/5"
571,209,"465/3"
572,209,"465/3"
573,209,"465/4"
574,209,"465/4"
575,209,"463/1"
576,209,"463/1"
577,209,"463/1"
578,209,"463/1"
579,209,"463/1"
580,209,"463/1"
581,209,"463/1"
582,209,"463/1"
583,209,"463/1"
584,209,"463/1"
585,209,"463/1"
586,209,"463/1"
587,209,"463/1"
588,209,"463/1b"
589,209,"463/1b"
590,209,"463/1a"
591,209,"463/1a"
592,209,"463/1b"
593,209,"463/1b"
594,209,"463/1a"
595,209,"463/1b"
596,209,"463/1b"
597,209,"463/1b"
598,209,"463/1b"
599,209,"463/1b"
600,209,"463/1b"
601,209,"463/1b"
602,209,"463/3"
603,209,"463/3"
604,209,"463/3"
605,209,"463/2"
606,209,"205/1"
607,209,"205/1"
608,209,"205/1"
609,209,"296/1a"
610,209,"296/1d"
611,209,"296/1d"
612,209,"296/1d"
613,209,"359/2"
614,209,"311/1a"
615,209,"311/1a"
616,209,"311/1a"
617,209,"329/1a"
618,209,"329/1a"
619,209,"329/1a"
620,209,"359/2"
621,209,"359/2"
622,209,"311/1a"
623,209,"375/2"
624,209,"345/1"
625,209,"345/1"
626,209,"345/1"
627,209,"345/1"
628,209,"345/1"
629,209,"345/1"
630,209,"345/1"
631,209,"345/1"
632,209,"345/1"
633,209,"345/1"
634,209,"345/1"
635,209,"345/1"
636,209,"345/1"
637,209,"345/1"
638,209,"345/1"
639,209,"345/1"
640,209,"345/1"
641,209,"345/1"
642,209,"345/1"
643,209,"345/1"
644,209,"345/1"
645,209,"345/1"
646,209,"345/1"
647,209,"345/1"
648,209,"345/1"
649,209,"345/1"
650,209,"345/1"
651,209,"345/1"
652,209,"345/1"
653,209,"345/1"
654,209,"345/1"
655,209,"345/1"
656,209,"345/1"
657,209,"345/1"
658,209,"345/2"
659,209,"345/2"
660,209,"345/2"
661,209,"345/2"
662,209,"345/2"
663,209,"345/2"
664,209,"345/2"
665,209,"345/2"
666,209,"345/2"
667,209,"345/2"
668,209,"345/2"
669,209,"361/1c"
670,209,"345/2"
671,209,"361/1c"
672,209,"345/2"
673,209,"393/1a"
674,209,"361/1c"
675,209,"393/1a"
676,209,"361/1c"
677,209,"393/1a"
678,209,"361/1c"
679,209,"393/1a"
680,209,"361/1c"
681,209,"393/1a"
682,209,"361/1c"
683,209,"393/1a"
684,209,"361/1c"
685,209,"393/1a"
686,209,"361/1c"
687,209,"393/1a"
688,209,"361/1c"
689,209,"393/1a"
690,209,"361/1c"
691,209,"393/1a"
692,209,"361/1c"
693,209,"393/1b"
694,209,"361/1c"
695,209,"393/1b"
696,209,"361/1c"
697,209,"393/1b"
698,209,"361/1c"
699,209,"397/1"
700,209,"361/1c"
701,209,"426/4a"
702,209,"361/1c"
703,209,"426/3"
704,209,"351/1"
705,209,"445/1a"
706,209,"351/1"
707,209,"445/2"
708,209,"223/1"
709,209,"445/2"
710,209,"223/1"
711,209,"282/2"
712,209,"223/1"
713,209,"282/2"
714,209,"285/2"
715,209,"282/2"
716,209,"285/2"
717,209,"395/1"
718,209,"285/2"
719,209,"361/1c"
720,209,"285/2"
721,209,"361/1c"
722,209,"285/2"
723,209,"361/1c"
724,209,"285/2"
725,209,"294/1"
726,209,"147/1"
727,209,"285/1"
728,209,"285/1"
729,209,"285/1"
730,209,"261/1"
731,209,"261/1"
732,209,"261/1"
733,209,"261/1"
734,209,"261/1"
735,209,"261/1"
736,209,"391/3"
737,209,"391/3"
738,209,"391/3"
739,209,"333/1"
740,209,"333/1"
741,209,"333/1"
742,209,"333/1"
743,209,"333/1"
744,209,"333/1"
745,209,"333/1"
746,209,"333/1"
747,209,"333/1"
748,209,"333/1"
749,209,"333/1"
750,209,"333/1"
751,209,"333/1"
752,209,"333/1"
753,209,"333/1"
754,209,"333/1"
755,209,"333/1"
756,209,"333/1"
757,209,"273/1"
758,209,"273/1"
759,209,"273/1"
760,209,"273/1"
761,209,"273/1"
762,209,"273/1"
763,209,"265/1"
764,209,"322/1b"
765,209,"322/1b"
766,209,"275/1"
767,209,"275/1"
768,209,"275/1"
769,209,"275/1"
770,209,"275/1"
771,209,"275/1"
772,209,"275/1"
773,209,"275/1"
774,209,"275/1"
775,209,"275/1"
776,209,"392/1b"
777,209,"392/1b"
778,209,"392/1b"
779,209,"302/1"
780,209,"302/1"
781,209,"302/1"
782,209,"302/1"
783,209,"302/1"
784,209,"302/1"
785,209,"302/1"
786,209,"302/1"
787,209,"302/1"
788,209,"302/1"
789,209,"302/1"
790,209,"302/1"
791,209,"302/1"
792,209,"302/1"
793,209,"302/1"
794,209,"302/1"
795,209,"302/1"
796,209,"302/1"
797,209,"290/1"
798,209,"290/1"
799,209,"307/1b"
800,209,"307/1b"
801,209,"353/1a"
802,209,"353/1a"
803,209,"353/1a"
804,209,"353/1a"
805,209,"353/1a"
806,209,"353/1b"
807,209,"353/1b"
808,209,"353/1a"
809,209,"353/1a"
810,209,"353/1d"
811,209,"353/2"
812,209,"429/1"
813,209,"429/1"
814,209,"429/1"
815,209,"429/1"
816,209,"429/1"
817,209,"429/1"
818,209,"429/1"
819,209,"429/1"
820,209,"429/1"
821,209,"429/1"
822,209,"403/1"
823,209,"284/1b"
824,209,"333/1"
825,209,"333/1"
826,209,"273/1"
827,209,"273/1"
828,209,"273/1"
