scheda,biblio,contributo,pagine,figure,livello
1,200,1,191-198,,4
2,200,1,195,93,4
3,200,1,197,96,4
5,200,1,191-198,,4
6,200,1,191-198,,4
7,200,1,198-200,,4
10,200,1,188-191,,4
51,200,1,185-204,,4
122,200,1,201,,4
123,200,1,202,,4
124,200,1,200,,4
125,200,1,198-200,,4
126,200,1,198-200,,4
132,200,1,129,35,4
146,200,1,154-178,,4
424,200,1,,,4
425,200,1,,,4
426,200,1,,,4
427,200,1,,,4
428,200,1,,,4
429,200,1,,,4
430,200,1,,,4
431,200,1,,,4
432,200,1,,,4
433,200,1,,,4
434,200,1,,,4
435,200,1,,,4
436,200,1,,,4
437,200,1,,,4
438,200,1,,,4
439,200,1,,,4
440,200,1,,,4
441,200,1,,,4
442,200,1,,,4
443,200,1,,,4
444,200,1,,,4
445,200,1,,,4
446,200,1,,,4
447,200,1,,,4
448,200,1,,,4
449,200,1,,,4
450,200,1,,,4
451,200,1,,,4
452,200,1,,,4
453,200,1,209-219,,4
454,200,1,209-219,,4
455,200,1,209-219,,4
456,200,1,209-219,,4
457,200,1,209-219,,4
458,200,1,209-219,,4
459,200,1,209-219,,4
460,200,1,209-219,,4
461,200,1,209-219,,4
462,200,1,209-219,,4
463,200,1,209-219,,4
464,200,1,209-219,,4
465,200,1,209-219,,4
466,200,1,209-219,,4
467,200,1,209-219,,4
468,200,1,209-219,,4
469,200,1,209-219,,4
470,200,1,209-219,,4
471,200,1,209-219,,4
472,200,1,209-219,,4
473,200,1,209-219,,4
474,200,1,209-219,,4
475,200,1,209-219,,4
476,200,1,209-219,,4
477,200,1,209-219,,4
478,200,1,209-219,,4
479,200,1,209-219,,4
480,200,1,209-219,,4
481,200,1,209-219,,4
482,200,1,209-219,,4
483,200,1,209-219,,4
484,200,1,209-219,,4
485,200,1,209-219,,4
486,200,1,209-219,,4
487,200,1,209-219,,4
488,200,1,209-219,,4
489,200,1,209-219,,4
490,200,1,209-219,,4
491,200,1,209-219,,4
492,200,1,209-219,,4
493,200,1,209-219,,4
494,200,1,209-219,,4
495,200,1,209-219,,4
496,200,1,209-219,,4
497,200,1,209-219,,4
498,200,1,209-219,,4
499,200,1,209-219,,4
500,200,1,209-219,,4
501,200,1,209-219,,4
502,200,1,209-219,,4
503,200,1,209-219,,4
504,200,1,209-219,,4
505,200,1,209-219,,4
506,200,1,209-219,,4
507,200,1,209-219,,4
508,200,1,209-219,,4
509,200,1,209-219,,4
510,200,1,209-219,,4
511,200,1,209-219,,4
512,200,1,209-229,,4
513,200,1,209-229,,4
514,200,1,209-229,,4
515,200,1,209-229,,4
516,200,1,209-229,,4
517,200,1,209-229,,4
518,200,1,209-229,,4
519,200,1,209-229,,4
520,200,1,209-229,,4
521,200,1,209-229,,4
522,200,1,209-229,,4
523,200,1,209-229,,4
524,200,1,209-229,,4
525,200,1,209-229,,4
526,200,1,209-229,,4
527,200,1,209-229,,4
528,200,1,209-229,,4
529,200,1,209-229,,4
530,200,1,209-229,,4
531,200,1,209-229,,4
532,200,1,209-229,,4
533,200,1,209-229,,4
535,200,1,209-229,,4
536,200,1,209-229,,4
537,200,1,209-229,,4
538,200,1,209-229,,4
539,200,1,209-229,,4
540,200,1,209-229,,4
541,200,1,209-229,,4
542,200,1,209-229,,4
543,200,1,209-229,,4
544,200,1,209-229,,4
545,200,1,209-229,,4
546,200,1,209-229,,4
547,200,1,209-229,,4
548,200,1,209-229,,4
549,200,1,209-229,,4
550,200,1,209-229,,4
551,200,1,209-229,,4
552,200,1,209-229,,4
553,200,1,209-229,,4
554,200,1,209-229,,4
555,200,1,209-229,,4
556,200,1,209-229,,4
557,200,1,209-229,,4
558,200,1,209-229,,4
560,200,1,209-229,,4
561,200,1,209-229,,4
562,200,1,209-229,,4
563,200,1,209-229,,4
564,200,1,209-229,,4
565,200,1,209-229,,4
566,200,1,209-229,,4
567,200,1,209-229,,4
568,200,1,209-229,,4
569,200,1,209-229,,4
570,200,1,209-229,,4
571,200,1,209-229,,4
572,200,1,209-229,,4
573,200,1,209-229,,4
574,200,1,209-229,,4
575,200,1,209-229,,4
577,200,1,209-229,,4
578,200,1,209-229,,4
1,201,2,343-383,,4
2,201,2,343-383,,4
3,201,2,343-383,,4
4,201,2,343-383,,4
5,201,2,343-383,,4
6,201,2,343-383,,4
7,201,2,343-383,,4
10,201,2,343-383,,4
40,201,2,343-383,,4
41,201,2,343-383,,4
42,201,2,343-383,,4
43,201,2,343-383,,4
44,201,2,343-383,,4
45,201,2,343-383,,4
50,201,2,343-383,,4
51,201,2,343-383,,4
122,201,2,343-383,,4
123,201,2,343-383,,4
124,201,2,343-383,,4
125,201,2,343-383,,4
126,201,2,343-383,,4
688,201,2,353-356,,4
689,201,2,353-356,,4
690,201,2,353-356,,4
691,201,2,353-356,,4
692,201,2,353-356,,4
693,201,2,353-356,,4
694,201,2,353-356,,4
695,201,2,353-356,,4
696,201,2,353-356,,4
697,201,2,353-356,,4
698,201,2,353-356,,4
699,201,2,353-356,,4
700,201,2,353-356,,4
701,201,2,353-356,,4
702,201,2,353-356,,4
703,201,2,353-356,,4
704,201,2,353-356,,4
705,201,2,353-356,,4
719,201,2,343-383,,4
4,203,5,333,,4
4,204,6,45,,4
8,204,6,46-48,,4
100,204,6,71,18,4
101,204,6,71,18,4
102,204,6,71,18,4
103,204,6,71,18,4
104,204,6,71,18,4
105,204,6,71,18,4
106,204,6,71,18,4
107,204,6,71,18,4
108,204,6,71,18,4
109,204,6,71,18,4
110,204,6,71,18,4
111,204,6,71,18,4
112,204,6,71,18,4
113,204,6,71,18,4
114,204,6,71,18,4
115,204,6,71,18,4
116,204,6,71,18,4
117,204,6,71,18,4
118,204,6,71,18,4
119,204,6,71,18,4
161,204,6,66,14.d,4
162,204,6,66,14.a,4
163,204,6,66,14.b,4
273,204,6,61,11,4
8,205,7,473-502,,4
9,206,8,,,4
9,207,9,125-133,,4
17,207,9,125-133,,4
18,207,9,125-133,,4
19,207,9,125-133,,4
20,207,9,125-133,,4
31,207,9,125-133,,4
33,207,9,125-133,,4
34,207,9,125-133,,4
35,207,9,125-133,,4
36,207,9,125-133,,4
37,207,9,125-133,,4
38,207,9,125-133,,4
39,207,9,125-133,,4
138,207,9,125-133,,4
142,207,9,125-133,,4
145,207,9,125-133,,4
9,208,10,779,fig.,4
12,208,10,779,fig.,4
13,208,10,779,fig.,4
14,208,10,779,fig.,4
15,208,10,779,fig.,4
16,208,10,779,fig.,4
33,208,10,779,fig.,4
34,208,10,779,fig.,4
35,208,10,779,fig.,4
36,208,10,779,fig.,4
37,208,10,779,fig.,4
38,208,10,779,fig.,4
39,208,10,779,fig.,4
127,208,10,779,fig.,4
138,208,10,779,fig.,4
142,208,10,779,fig.,4
145,208,10,779,fig.,4
9,209,11,71-85,,4
11,209,11,71-85,,4
12,209,11,71-85,,4
13,209,11,71-85,,4
14,209,11,71-85,,4
15,209,11,71-85,,4
16,209,11,71-85,,4
33,209,11,81,14,4
34,209,11,71-85,,4
35,209,11,71-85,,4
36,209,11,71-85,,4
37,209,11,82,16,4
38,209,11,71-85,,4
39,209,11,71-86,,4
87,209,11,71-85,,4
88,209,11,71-85,,4
127,209,11,71-85,,4
138,209,11,71-85,16,4
142,209,11,71-85,,4
145,209,11,76,6,4
11,210,25,98-100,,4
11,211,13,61-68,,4
44,211,13,61-68,,4
45,211,13,61-68,,4
46,211,13,61-68,,4
47,211,13,61-68,,4
48,211,13,61-68,,4
49,211,13,61-68,,4
52,211,13,61-68,,4
53,211,13,61-68,,4
54,211,13,61-68,,4
55,211,13,61-68,,4
56,211,13,61-68,,4
57,211,13,61-68,,4
58,211,13,61-68,,4
59,211,13,61-68,,4
60,211,13,61-68,,4
61,211,13,61-68,,4
62,211,13,61-68,,4
63,211,13,61-68,,4
64,211,13,61-68,,4
65,211,13,61-68,,4
66,211,13,61-68,,4
67,211,13,61-68,,4
68,211,13,61-68,,4
69,211,13,61-68,,4
70,211,13,61-68,,4
71,211,13,61-68,,4
72,211,13,61-68,,4
73,211,13,61-68,,4
74,211,13,61-68,,4
75,211,13,61-68,,4
76,211,13,61-68,,4
77,211,13,61-68,,4
87,211,13,61-68,,4
88,211,13,61-68,,4
121,211,13,61-68,,4
136,211,13,61-68,,4
149,211,13,61-68,,4
160,211,13,61-68,,4
184,211,13,61-68,,4
185,211,13,61-68,,4
186,211,13,61-68,,4
187,211,13,61-68,,4
188,211,13,61-68,,4
189,211,13,61-68,,4
190,211,13,61-68,,4
12,212,14,29-30,,4
13,212,14,29-30,,4
14,212,14,29-30,,4
15,212,14,29-30,,4
16,212,14,29-30,,4
127,212,14,29-30,,4
17,213,15,57-83,,4
18,213,15,,tav. XXVIII,4
19,213,15,57-83,,4
20,213,15,57-83,,4
21,213,15,57-83,,4
22,213,15,57-83,,4
23,213,15,57-83,,4
24,213,15,57-83,,4
25,213,15,57-83,,4
26,213,15,57-83,,4
27,213,15,57-83,,4
28,213,15,57-83,,4
29,213,15,57-83,,4
30,213,15,57-83,,4
31,213,15,57-83,,4
32,213,15,57-83,,4
596,213,15,4-5,,4
597,213,15,4-5,,4
598,213,15,4-5,,4
599,213,15,4-5,,4
600,213,15,4-5,,4
601,213,15,4-5,,4
602,213,15,4-5,,4
603,213,15,4-5,,4
604,213,15,4-5,,4
605,213,15,4-5,,4
606,213,15,4-5,,4
607,213,15,4-5,,4
608,213,15,4-5,,4
609,213,15,4-5,,4
718,213,15,57-83,,4
18,214,17,105,"17, 2",4
20,214,17,107,"18, 15",4
140,214,17,112,19.5,4
146,214,17,,15.2 ,4
21,207,18,60-78,,4
22,207,18,60-78,,4
23,207,18,60-78,,4
24,207,18,60-78,,4
25,207,18,60-78,,4
26,207,18,60-78,,4
27,207,18,60-78,,4
28,207,18,60-78,,4
29,207,18,60-78,,4
30,207,18,60-78,,4
32,207,18,60-78,,4
718,207,18,60-78,,4
33,215,19,215-216,,4
34,215,19,215-216,,4
35,215,19,215-216,,4
36,215,19,215-216,,4
37,215,19,215-216,,4
38,215,19,215-216,,4
39,215,19,215-216,,4
138,215,19,215-216,,4
40,216,20,529,,4
41,216,20,529,,4
42,216,20,529,,4
43,216,20,529,,4
44,216,20,529,,4
719,216,20,529,,4
44,213,21,228-230,,4
46,213,21,228-230,,4
47,213,21,228-230,,4
48,213,21,228-230,,4
49,213,21,228-230,,4
121,213,21,228-230,,4
160,213,21,228-230,,4
44,217,22,163,3.3,4
46,217,22,163,3.2,4
78,217,22,159-166,,4
79,217,22,159-166,,4
80,217,22,159-166,,4
81,217,22,159-166,,4
82,217,22,159-166,,4
83,217,22,159-166,,4
84,217,22,159-166,,4
85,217,22,159-166,,4
86,217,22,159-166,,4
94,217,22,159-166,,4
95,217,22,159-166,,4
96,217,22,159-166,,4
141,217,22,163,3.5,4
151,217,22,159-166,,4
170,217,22,159-166,,4
171,217,22,159-166,,4
172,217,22,159-166,,4
173,217,22,159-166,,4
174,217,22,159-166,,4
175,217,22,159-166,,4
176,217,22,159-166,,4
177,217,22,159-166,,4
210,217,22,161,1.2,4
211,217,22,161,1.1a-b,4
212,217,22,162,2.1a-b-c,4
214,217,22,161,1.3,4
52,218,23,41-43,,4
53,218,23,41-43,,4
54,218,23,41-43,,4
55,218,23,41-43,,4
56,218,23,41-43,,4
57,218,23,41-43,,4
58,218,23,41-43,,4
59,218,23,41-43,,4
60,218,23,41-43,,4
61,218,23,41-43,,4
62,218,23,41-43,,4
63,218,23,41-43,,4
64,218,23,41-43,,4
65,218,23,41-43,,4
66,218,23,41-43,,4
67,218,23,41-43,,4
68,218,23,41-43,,4
69,218,23,41-43,,4
70,218,23,41-43,,4
71,218,23,41-43,,4
72,218,23,41-43,,4
73,218,23,41-43,,4
74,218,23,41-43,,4
75,218,23,41-43,,4
76,218,23,41-43,,4
77,218,23,41-43,,4
136,218,23,41-43,,4
149,218,23,41-43,,4
184,218,23,41-43,,4
185,218,23,41-43,,4
186,218,23,41-43,,4
187,218,23,41-43,,4
188,218,23,41-43,,4
189,218,23,41-43,,4
190,218,23,41-43,,4
65,219,24,115,3.3,4
173,219,24,115,3.6,4
174,219,24,115,3.6,4
175,219,24,115,3.6,4
187,219,24,115,3.1,4
188,219,24,115,3.2,4
189,219,24,115,3.4,4
87,210,25,98-99,,4
88,210,25,98-99,,4
89,,26,411-464,,4
90,,26,411-464,,4
91,,26,411-464,,4
92,,26,411-464,,4
93,,26,411-464,,4
150,,26,411-464,,4
159,,26,411-464,,4
453,,26,411-464,,4
454,,26,411-464,,4
455,,26,411-464,,4
456,,26,411-464,,4
457,,26,411-464,,4
458,,26,411-464,,4
459,,26,411-464,,4
460,,26,411-464,,4
461,,26,411-464,,4
462,,26,411-464,,4
463,,26,411-464,,4
464,,26,411-464,,4
465,,26,411-464,,4
466,,26,411-464,,4
467,,26,411-464,,4
468,,26,411-464,,4
469,,26,411-464,,4
470,,26,411-464,,4
471,,26,411-464,,4
472,,26,411-464,,4
473,,26,411-464,,4
474,,26,411-464,,4
475,,26,411-464,,4
476,,26,411-464,,4
477,,26,411-464,,4
478,,26,411-464,,4
479,,26,411-464,,4
480,,26,411-464,,4
481,,26,411-464,,4
482,,26,411-464,,4
483,,26,411-464,,4
484,,26,411-464,,4
485,,26,411-464,,4
486,,26,411-464,,4
487,,26,411-464,,4
488,,26,411-464,,4
489,,26,411-464,,4
490,,26,411-464,,4
491,,26,411-464,,4
492,,26,411-464,,4
493,,26,411-464,,4
494,,26,411-464,,4
495,,26,411-464,,4
496,,26,411-464,,4
497,,26,411-464,,4
498,,26,411-464,,4
499,,26,411-464,,4
500,,26,411-464,,4
501,,26,411-464,,4
502,,26,411-464,,4
503,,26,411-464,,4
504,,26,411-464,,4
505,,26,411-464,,4
506,,26,411-464,,4
507,,26,411-464,,4
508,,26,411-464,,4
509,,26,411-464,,4
510,,26,411-464,,4
511,,26,411-464,,4
512,,26,411-464,,4
513,,26,411-464,,4
514,,26,411-464,,4
515,,26,411-464,,4
516,,26,411-464,,4
517,,26,411-464,,4
518,,26,411-464,,4
519,,26,411-464,,4
520,,26,411-464,,4
521,,26,411-464,,4
522,,26,411-464,,4
523,,26,411-464,,4
524,,26,411-464,,4
525,,26,411-464,,4
526,,26,411-464,,4
527,,26,411-464,,4
528,,26,411-464,,4
529,,26,411-464,,4
530,,26,411-464,,4
531,,26,411-464,,4
532,,26,411-464,,4
533,,26,411-464,,4
534,,26,411-464,,4
535,,26,411-464,,4
536,,26,411-464,,4
537,,26,411-464,,4
538,,26,411-464,,4
539,,26,411-464,,4
540,,26,411-464,,4
541,,26,411-464,,4
542,,26,411-464,,4
543,,26,411-464,,4
544,,26,411-464,,4
545,,26,411-464,,4
546,,26,418,3,4
547,,26,411-464,,4
548,,26,411-464,,4
549,,26,411-464,,4
550,,26,411-464,,4
551,,26,411-464,,4
552,,26,411-464,,4
553,,26,411-464,,4
554,,26,411-464,,4
555,,26,411-464,,4
556,,26,411-464,,4
557,,26,411-464,,4
558,,26,411-464,,4
559,,26,411-464,,4
560,,26,464,21,4
561,,26,411-464,,4
562,,26,411-464,,4
563,,26,411-464,,4
564,,26,411-464,,4
565,,26,411-464,,4
566,,26,411-464,,4
567,,26,411-464,,4
568,,26,446,13,4
569,,26,411-464,,4
570,,26,458,17,4
571,,26,411-464,,4
572,,26,411-464,,4
573,,26,411-464,,4
574,,26,411-464,,4
575,,26,411-464,,4
576,,26,463,20,4
577,,26,411-464,,4
578,,26,442,12.11,4
90,,27,24,6.c,4
93,,27,24,6.d,4
133,,27,,,4
134,,27,,,4
135,,27,21,5.b,4
140,,27,"p. 37 nota 39, p. 25 nota 55",,4
147,,27,,,4
148,,27,21,5.h,4
97,,28,203-221,,4
98,,28,203-221,,4
99,,28,203-221,,4
158,,28,203-212,,4
238,,28,203-221,,4
239,,28,203-221,,4
240,,28,203-221,,4
241,,28,203-221,,4
242,,28,203-221,,4
243,,28,203-221,,4
244,,28,203-221,,4
245,,28,203-221,,4
246,,28,203-221,,4
247,,28,203-221,,4
248,,28,203-221,,4
249,,28,203-221,,4
250,,28,203-221,,4
251,,28,203-221,,4
252,,28,203-221,,4
253,,28,203-221,,4
254,,28,203-221,,4
255,,28,203-221,,4
256,,28,203-221,,4
257,,28,203-221,,4
258,,28,203-221,,4
259,,28,203-221,,4
260,,28,203-221,,4
261,,28,203-221,,4
262,,28,203-221,,4
263,,28,203-221,,4
264,,28,203-221,,4
265,,28,203-221,,4
266,,28,203-221,,4
267,,28,203-221,,4
268,,28,203-221,,4
269,,28,203-221,,4
97,,29,561-562,,4
98,,29,561-562,,4
99,,29,561-562,,4
158,,29,561-563,,4
238,,29,561-562,,4
239,,29,561-562,,4
240,,29,561-562,,4
241,,29,561-562,,4
242,,29,561-562,,4
243,,29,561-562,,4
244,,29,561-562,,4
245,,29,561-562,,4
246,,29,561-562,,4
247,,29,561-562,,4
248,,29,561-562,,4
249,,29,561-562,,4
250,,29,561-562,,4
251,,29,561-562,,4
252,,29,561-562,,4
253,,29,561-562,,4
254,,29,561-562,,4
255,,29,561-562,,4
256,,29,561-562,,4
257,,29,561-562,,4
258,,29,561-562,,4
259,,29,561-562,,4
260,,29,561-562,,4
261,,29,561-562,,4
262,,29,561-562,,4
263,,29,561-562,,4
264,,29,561-562,,4
265,,29,561-562,,4
266,,29,561-562,,4
267,,29,561-562,,4
268,,29,561-562,,4
269,,29,561-562,,4
100,,30,14,,4
101,,30,14,,4
102,,30,14,,4
103,,30,14,,4
104,,30,14,,4
105,,30,14,,4
106,,30,14,,4
107,,30,14,,4
108,,30,14,,4
109,,30,14,,4
110,,30,14,,4
111,,30,14,,4
112,,30,14,,4
113,,30,14,,4
114,,30,14,,4
115,,30,14,,4
116,,30,14,,4
117,,30,14,,4
118,,30,14,,4
119,,30,14,,4
132,,30,10,,4
133,,30,9,,4
134,,30,9,,4
135,,30,9,,4
140,,30,9,,4
146,,30,11-12,,4
147,,30,53,,4
148,,30,53,,4
150,,30,13,,4
152,,30,9,,4
153,,30,9,,4
154,,30,9,,4
155,,30,9,,4
156,,30,9,,4
157,,30,9,,4
159,,30,13,,4
191,,30,13,,4
192,,30,13,,4
193,,30,13,,4
194,,30,13,,4
195,,30,13,,4
196,,30,13,,4
197,,30,13,,4
198,,30,13,,4
199,,30,12-13,,4
200,,30,12-13,,4
201,,30,12-13,,4
202,,30,12-13,,4
207,,30,9,,4
208,,30,9,,4
209,,30,9,,4
274,,30,9,,4
275,,30,9,,4
276,,30,9,,4
277,,30,9,,4
278,,30,9,,4
279,,30,9,,4
280,,30,9,,4
281,,30,9,,4
282,,30,9,,4
283,,30,55,,4
546,,30,54,,4
668,,30,57-83,,4
681,,30,57,,4
682,,30,57,,4
713,,30,57,,4
100,,31,4,Num. 85,4
101,,31,4,Num. 85,4
102,,31,4,Num. 85,4
103,,31,4,Num. 85,4
104,,31,4,Num. 85,4
105,,31,4,Num. 85,4
106,,31,4,Num. 85,4
107,,31,4,Num. 85,4
108,,31,4,Num. 85,4
109,,31,4,Num. 85,4
110,,31,4,Num. 85,4
111,,31,4,Num. 85,4
112,,31,4,Num. 85,4
113,,31,4,Num. 85,4
114,,31,4,Num. 85,4
115,,31,4,Num. 85,4
116,,31,4,Num. 85,4
117,,31,4,Num. 85,4
118,,31,4,Num. 85,4
119,,31,4,Num. 85,4
180,,31,,,4
181,,31,,,4
182,,31,,,4
183,,31,,,4
100,,32,321,6.3,4
101,,32,321,6.2,4
102,,32,321,6.1,4
103,,32,321,6.1,4
104,,32,321,6.1,4
105,,32,321,6.1,4
111,,32,321,6.1,4
112,,32,321,6.1,4
116,,32,321,6.1,4
117,,32,321,6.1,4
119,,32,321,6.1,4
120,,33,86-94,,4
128,,33,91,3,4
129,,33,86-94,,4
130,,33,86-94,,4
131,,33,86-94,,4
152,,33,86-94,,4
153,,33,86-94,,4
154,,33,86-94,,4
155,,33,86-94,,4
156,,33,86-94,,4
157,,33,86-94,,4
274,,33,86-94,,4
275,,33,86-94,,4
276,,33,86-94,,4
277,,33,86-94,,4
278,,33,86-94,,4
279,,33,86-94,,4
280,,33,86-94,,4
281,,33,86-94,,4
282,,33,86-94,,4
579,,33,86-94,,4
580,,33,86-94,,4
581,,33,86-94,,4
582,,33,86-94,,4
128,,34,,20.1,4
131,,34,78,"7.1, 16.4",4
3,202,35,102,228,4
128,,35,108,245,4
140,,35,103,232,4
152,,35,95,208,4
191,,35,114,216,4
197,,35,114,262,4
198,,35,114,262,4
199,,35,115,265,4
200,,35,115,263,4
202,,35,115,264,4
132,,36,271,5.7.6,4
133,,37,170,,4
134,,37,170,,4
135,,37,170,,4
140,,37,170,,4
139,,38,166,,4
143,,38,133,,4
144,,38,133,,4
178,,38,136,4.a,4
179,,38,136,4.b,4
146,,39,122-124,,4
146,,40,3-18,,4
146,,41,,,4
161,,42,30,9,4
165,,42,30,9,4
162,,43,249,162 B,4
163,,43,249,162 A,4
283,,43,250,163,4
166,,44,364,5,4
167,,44,362,4.a,4
168,,44,362,3,4
169,,44,362,4.b,4
191,,46,,"tav. III, 4",4
192,,46,,"tav. III, 5",4
193,,46,,"tav. IV, 5",4
194,,46,17-49,,4
195,,46,17-49,,4
196,,46,17-49,,4
197,,46,,"tav. IV, 2",4
198,,46,,"tav. IV, 9",4
199,,46,41,D,4
200,,46,,"tav. III, 7",4
201,,46,45,E,4
202,,46,,"tav. IV, 11",4
203,,47,250-264,,4
204,,47,250-264,,4
203,,48,123-137,,4
204,,48,123-137,,4
203,,49,165,1,4
204,,49,166,2,4
203,,50,187-198,,4
204,,50,187-198,,4
203,,51,274,157.2,4
204,,51,274,157.3,4
205,,51,116,50.7,4
206,,51,116,50.8,4
203,,52,47-50,,4
204,,52,47-50,,4
205,,53,14-15,5,4
206,,53,20-21,9,4
205,,54,68-80,,4
206,,54,68-80,,4
207,,55,84-95,,4
208,,55,84-95,,4
209,,55,84-95,,4
207,,56,539-541,,4
208,,56,539-541,,4
209,,56,539-541,,4
207,,57,,,4
208,,57,,,4
209,,57,,,4
207,,58,190-191,,4
208,,58,190-191,,4
209,,58,190-191,,4
209,,59,70,3.b,4
210,,60,355-359,,4
211,,60,355-359,,4
213,,60,355-359,,4
211,,61,185-195,,4
212,,61,185-195,,4
214,,62,46,,4
216,,62,46,,4
218,,62,36,,4
220,,62,36,,4
214,,63,89,"16,5",4
216,,63,59-110,,4
214,,64,,Tav. 6.e; Scheda 139815 Catalogo CD Rom ,4
215,,64,,Tav. 8. c;  Scheda 139838 Catalogo CD Rom,4
216,,64,,Tav. 8. c e Scheda 139813 del Catalogo su CD Rom allegato,4
217,,64,,,4
218,,64,,,4
219,,64,,,4
220,,64,,,4
221,,64,,,4
215,,65,,2.14,4
216,,65,,2.12,4
217,,66,117,2.6,4
218,,66,117,2.4,4
219,,67,,,4
220,,67,,,4
222,,68,287,49.8,4
223,,68,287,49.16,4
224,,68,287,49.11,4
225,,68,285,48.6,4
226,,68,195-299,,4
227,,68,281,46.3,4
228,,68,281,46.7,4
229,,68,195-299,,4
230,,68,283,47.5,4
231,,68,281,46.10,4
232,,68,281,46.6,4
233,,68,281,46.8,4
234,,68,281,46.9,4
235,,68,281,46.1,4
236,,68,281,46.11,4
237,,68,195-299,,4
270,,69,5-44,,4
270,,70,216,,4
270,,71,,1.1,4
283,,72,30,,4
536,,72,32,,4
546,,72,32,,4
559,,72,32,,4
576,,72,31,,4
707,,72,30,,4
284,,73,280-380,,4
285,,73,295,"16,4",4
286,,73,295,"16,2",4
287,,73,295,"16,9",4
288,,73,295,"16,1",4
289,,73,295,"16,5",4
290,,73,295,"16,5",4
291,,73,296,"17,9",4
292,,73,296,"17,1",4
293,,73,296,"17,6",4
294,,73,296,"17,3",4
295,,73,296,"17,7",4
296,,73,338,"54,12",4
297,,73,338,"54,7",4
298,,73,338,"54,1",4
299,,73,343,"55,3",4
300,,73,343,"55,2",4
301,,73,343,"55,6",4
302,,73,280-380,,4
303,,73,280-380,,4
304,,73,280-380,,4
305,,73,334,"50,3",4
306,,73,334,"50,2",4
307,,73,334,"50,1",4
308,,73,280-380,,4
309,,73,303,"25,1",4
310,,73,303,"25,15",4
311,,73,303,"25,2",4
312,,73,303,"25,6",4
313,,73,303,"25,4",4
314,,73,303,"25,19",4
315,,73,303,"25,25",4
316,,73,303,"25,11",4
317,,73,303,"25,16",4
318,,73,303,"25,15",4
319,,73,303,"25,7",4
320,,73,303,"25,9",4
321,,73,303,"25,8",4
322,,73,303,"25,25",4
323,,73,309,"31,3",4
324,,73,309,"31,1",4
325,,73,304,"26,4",4
326,,73,309,"31,7",4
327,,73,309,"31,8",4
328,,73,309,"31,11",4
329,,73,331,"46,3",4
330,,73,331,"46,2",4
331,,73,331,"46,1",4
332,,73,310,"32,15",4
333,,73,310,"32,9",4
334,,73,310,"32,17",4
335,,73,310,"32,16",4
336,,73,310,"32,5",4
337,,73,310,"32,6",4
338,,73,310,"32,7",4
339,,73,310,"32,8",4
340,,73,311,"33,5",4
341,,73,311,"33,4",4
342,,73,310,"32,3",4
343,,73,310,"32,1",4
344,,73,310,"32,12",4
345,,73,310,"32,13",4
346,,73,280-380,,4
347,,73,280-380,,4
348,,73,280-380,,4
349,,73,280-380,,4
350,,73,280-380,,4
351,,73,280-380,,4
352,,73,280-380,,4
353,,73,280-380,,4
354,,73,280-380,,4
355,,73,312,"34,16",4
356,,73,312,34.10,4
357,,73,312,"34,12",4
358,,73,280-380,,4
359,,73,312,"34,14",4
360,,73,280-380,,4
361,,73,312,"34,19",4
362,,73,280-380,,4
363,,73,280-380,,4
364,,73,312,34.20,4
365,,73,304,"26,9",4
366,,73,314,"35,1",4
367,,73,314,"35,4",4
368,,73,314,"35,3",4
369,,73,314,"35,2",4
370,,73,314,"35,8",4
371,,73,314,"35,7",4
372,,73,314,"35,17",4
373,,73,314,"35,16",4
374,,73,280-380,,4
375,,73,314,35.10,4
376,,73,314,"35,11",4
377,,73,314,"35,16",4
378,,73,314,"35,9",4
379,,73,338,"54,3",4
380,,73,338,"54,13",4
381,,73,332,"48,5",4
382,,73,332,"48,4",4
383,,73,299,"20,2",4
384,,73,299,"20,4",4
385,,73,299,"20,6",4
386,,73,299,"20,9",4
387,,73,299,"20,3",4
388,,73,299,"20,1",4
389,,73,299,"20,7",4
390,,73,299,"20,11",4
391,,73,299,"20,11",4
392,,73,280-380,,4
393,,73,280-380,,4
394,,73,280-380,,4
395,,73,299,"20,27",4
396,,73,280-380,,4
397,,73,280-380,,4
398,,73,299,"20,33",4
399,,73,299,"20,34",4
400,,73,299,"20,35",4
401,,73,299,"20,36",4
402,,73,335,51,4
403,,73,,24,4
404,,73,300,21,4
405,,73,304,"26,1",4
406,,73,304,"26,2",4
407,,73,305,27,4
408,,73,280-380,,4
409,,73,306,"28,9",4
410,,73,306,"28,7",4
411,,73,306,"28,8",4
412,,73,306,"28,1",4
413,,73,306,"28,6",4
414,,73,306,28.10,4
415,,73,306,"28,4",4
416,,73,306,"28,3",4
417,,73,306,"28,2",4
418,,73,304,"26,6",4
419,,73,306,"28,11",4
420,,73,307,29,4
421,,73,304,"26,9",4
422,,73,304,"26,7",4
423,,73,307,30,4
424,,73,358,"69,9",4
427,,73,358,"69,8",4
428,,73,358,"69,2",4
430,,73,358,"69,1",4
431,,73,350,"59,2",4
432,,73,350,"59,5",4
433,,73,350,"59,3",4
434,,73,350,"60,6",4
435,,73,350,"60,5",4
436,,73,350,"60,12",4
437,,73,350,"60,7",4
438,,73,349,"58,6",4
439,,73,350,"60,8",4
440,,73,349,"58,12",4
441,,73,349,58.10,4
442,,73,349,"58,11",4
443,,73,349,60.10,4
444,,73,349,"60,9",4
445,,73,,,4
446,,73,,,4
447,,73,357,"68,6",4
448,,73,357,"68,7",4
449,,73,357,"68,5",4
450,,73,357,"68,1",4
451,,73,357,"68,2",4
452,,73,357,"68,4",4
284,,74,245-246,,4
285,,74,245-246,,4
286,,74,245-246,,4
287,,74,245-246,,4
288,,74,245-246,,4
289,,74,245-246,,4
290,,74,245-246,,4
291,,74,245-246,,4
292,,74,245-246,,4
293,,74,245-246,,4
294,,74,245-246,,4
295,,74,245-246,,4
296,,74,245-246,,4
297,,74,245-246,,4
298,,74,245-246,,4
299,,74,245-246,,4
300,,74,245-246,,4
301,,74,245-246,,4
302,,74,245-246,,4
303,,74,245-246,,4
304,,74,245-246,,4
305,,74,245-246,,4
306,,74,245-246,,4
307,,74,245-246,,4
308,,74,245-246,,4
309,,74,245-246,,4
310,,74,245-246,,4
311,,74,245-246,,4
312,,74,245-246,,4
313,,74,245-246,,4
314,,74,245-246,,4
315,,74,245-246,,4
316,,74,245-246,,4
317,,74,245-246,,4
318,,74,245-246,,4
319,,74,245-246,,4
320,,74,245-246,,4
321,,74,245-246,,4
322,,74,245-246,,4
323,,74,245-246,,4
324,,74,245-246,,4
325,,74,245-246,,4
326,,74,245-246,,4
327,,74,245-246,,4
328,,74,245-246,,4
329,,74,245-246,,4
330,,74,245-246,,4
331,,74,245-246,,4
332,,74,245-246,,4
333,,74,245-246,,4
334,,74,245-246,,4
335,,74,245-246,,4
336,,74,245-246,,4
337,,74,245-246,,4
338,,74,245-246,,4
339,,74,245-246,,4
340,,74,245-246,,4
341,,74,245-246,,4
342,,74,245-246,,4
343,,74,245-246,,4
344,,74,245-246,,4
345,,74,245-246,,4
346,,74,245-246,,4
347,,74,245-246,,4
348,,74,245-246,,4
349,,74,245-246,,4
350,,74,245-246,,4
351,,74,245-246,,4
352,,74,245-246,,4
353,,74,245-246,,4
354,,74,245-246,,4
355,,74,245-246,,4
356,,74,245-246,,4
357,,74,245-246,,4
358,,74,245-246,,4
359,,74,245-246,,4
360,,74,245-246,,4
361,,74,245-246,,4
362,,74,245-246,,4
363,,74,245-246,,4
364,,74,245-246,,4
365,,74,245-246,,4
366,,74,245-246,,4
367,,74,245-246,,4
368,,74,245-246,,4
369,,74,245-246,,4
370,,74,245-246,,4
371,,74,245-246,,4
372,,74,245-246,,4
373,,74,245-246,,4
374,,74,245-246,,4
375,,74,245-246,,4
376,,74,245-246,,4
377,,74,245-246,,4
378,,74,245-246,,4
379,,74,245-246,,4
380,,74,245-246,,4
381,,74,245-246,,4
382,,74,245-246,,4
383,,74,245-246,,4
384,,74,245-246,,4
385,,74,245-246,,4
386,,74,245-246,,4
387,,74,245-246,,4
388,,74,245-246,,4
389,,74,245-246,,4
390,,74,245-246,,4
391,,74,245-246,,4
392,,74,245-246,,4
393,,74,245-246,,4
394,,74,245-246,,4
395,,74,245-246,,4
396,,74,245-246,,4
397,,74,245-246,,4
398,,74,245-246,,4
399,,74,245-246,,4
400,,74,245-246,,4
401,,74,245-246,,4
404,,74,245-246,,4
405,,74,245-246,,4
406,,74,245-246,,4
407,,74,245-246,,4
408,,74,245-246,,4
409,,74,245-246,,4
410,,74,245-246,,4
411,,74,245-246,,4
412,,74,245-246,,4
413,,74,245-246,,4
414,,74,245-246,,4
415,,74,245-246,,4
416,,74,245-246,,4
417,,74,245-246,,4
418,,74,245-246,,4
419,,74,245-246,,4
420,,74,245-246,,4
421,,74,245-246,,4
422,,74,245-246,,4
423,,74,245-246,,4
424,,74,245-246,,4
425,,74,245-246,,4
426,,74,245-246,,4
427,,74,245-246,,4
428,,74,245-246,,4
429,,74,245-246,,4
430,,74,245-246,,4
431,,74,245-246,,4
432,,74,245-246,,4
433,,74,245-246,,4
434,,74,245-246,,4
435,,74,245-246,,4
436,,74,245-246,,4
437,,74,245-246,,4
438,,74,245-246,,4
439,,74,245-246,,4
440,,74,245-246,,4
441,,74,245-246,,4
442,,74,245-246,,4
443,,74,245-246,,4
444,,74,245-246,,4
445,,74,245-246,,4
446,,74,245-246,,4
447,,74,245-246,,4
448,,74,245-246,,4
449,,74,245-246,,4
450,,74,245-246,,4
451,,74,245-246,,4
452,,74,245-246,,4
296,,75,,tav. XXIX n. 235,4
297,,75,,tav. XXIX n. 237,4
298,,75,,tav. XXIX n. 240,4
302,,75,,tav. XXIX n. 239,4
303,,75,,"tav. II, g",4
305,,75,,tav. XXVIII n. 223,4
306,,75,,tav. XXVIII n. 224,4
307,,75,,tav. XXVIII n. 225,4
329,,75,,"Tav. II,c",4
330,,75,,"Tav. II,d",4
331,,75,,"Tav. II,a",4
379,,75,,"tav. XXIX, 236",4
380,,75,,"tav. XXIX, 244",4
402,,75,,"tav. XXVIII, 220",4
428,,75,,"tav. II, 212",4
429,,75,,"tav. XXVII, 213",4
512,,75,,"tav. XXIII, 113",4
513,,75,,"tav. XVI, 73",4
514,,75,,"tav. XI, 127",4
515,,75,,,4
516,,75,,,4
517,,75,,,4
518,,75,,,4
519,,75,,,4
520,,75,,"tav. II, 98, 101",4
521,,75,," tav. X, 140",4
522,,75,,tav. XX: 94-95,4
523,,75,," tav. XIII, 55",4
524,,75,,,4
525,,75,,tav. XX. 91; X. 116,4
526,,75,,"tavv. VIII, 38",4
527,,75,,,4
528,,75,,"tav. VII, 18",4
530,,75,,tav. XIX. 84,4
531,,75,,"tav. XXI, 105, 107-109; XXII, 110",4
532,,75,,"tav. XXXIV, b",4
533,,75,,,4
534,,75,,"tav. XXI: 110, 102",4
535,,75,,"tav. XII, 141",4
536,,75,,"tav. XXXIV, l",4
537,,75,,"tav. I, b",4
541,,75,,"tav. XIV, 142",4
542,,75,,,4
543,,75,,,4
544,,75,,"tav. XXIII, 134",4
545,,75,,"tav. XXIII, 114-115",4
546,,75,,"tav. XXXIV, i",4
547,,75,,"tav. XXXIV, m",4
548,,75,,"tav. XXXIV, n",4
552,,75,,"tav. XXXIV, h",4
579,,75,,"tav. XXXIII, 278 e 80",4
580,,75,,"tav. XXXIII, 279",4
611,,75,,tav. XXVI. 194-195,4
613,,75,,"tav. XVIII, 190.",4
614,,75,,"tav. XXVI, 204.",4
615,,75,,"tav. XXVI, 197.",4
654,,75,,"tav. XVIII, 187",4
655,,75,,"tav. XVIII, 188",4
666,,75,,"tav. XLV, v",4
667,,75,,"tav. XXXVIII, i-l, p",4
383,,76,263,52.1,4
385,,76,263,52.6,4
387,,76,263,52.4,4
388,,76,263,52.3,4
389,,76,263,52.2,4
404,,76,263,52.7,4
402,,77,159,362.a,4
439,,77,150,345.f,4
440,,77,150,345.e,4
441,,77,150,345.g,4
447,,77,152,350.f,4
448,,77,152,350.g,4
449,,77,152,350.h,4
450,,77,152,350.c,4
451,,77,152,350.b,4
452,,77,152,350.d,4
453,,77,150-191,,4
454,,77,150-191,,4
455,,77,150-191,,4
456,,77,150-191,,4
457,,77,150-191,,4
458,,77,150-191,,4
460,,77,150-191,,4
461,,77,150-191,,4
462,,77,150-191,,4
463,,77,150-191,,4
464,,77,150-191,,4
465,,77,150-191,,4
466,,77,150-191,,4
467,,77,150-191,,4
468,,77,150-191,,4
469,,77,150-191,,4
470,,77,150-191,,4
471,,77,150-191,,4
472,,77,150-191,,4
473,,77,150-191,,4
474,,77,150-191,,4
475,,77,150-191,,4
476,,77,150-191,,4
477,,77,150-191,,4
478,,77,150-191,,4
479,,77,150-191,,4
480,,77,150-191,,4
481,,77,150-191,,4
482,,77,150-191,,4
483,,77,150-191,,4
484,,77,150-191,,4
485,,77,150-191,,4
486,,77,150-191,,4
487,,77,150-191,,4
488,,77,150-191,,4
489,,77,150-191,,4
490,,77,150-191,,4
491,,77,150-191,,4
492,,77,150-191,,4
493,,77,150-191,,4
494,,77,150-191,,4
495,,77,150-191,,4
496,,77,150-191,,4
497,,77,150-191,,4
498,,77,150-191,,4
499,,77,150-191,,4
500,,77,150-191,,4
501,,77,150-191,,4
502,,77,150-191,,4
503,,77,150-191,,4
504,,77,150-191,,4
505,,77,150-191,,4
506,,77,150-191,,4
507,,77,150-191,,4
508,,77,150-191,,4
509,,77,150-191,,4
510,,77,150-191,,4
511,,77,150-191,,4
512,,77,361,158,4
529,,77,150-191,,4
555,,77,151,348.a,4
556,,77,150-191,,4
557,,77,150-191,,4
558,,77,150-191,,4
559,,77,151,348.e,4
560,,77,151,248 s.n.,4
561,,77,151,348.d,4
562,,77,151,349.h,4
563,,77,151,349.i,4
564,,77,151,347.g,4
565,,77,151,349.n,4
566,,77,151,347,4
567,,77,151,349.c,4
568,,77,151,349.a,4
569,,77,151,347,4
570,,77,151,347.f,4
571,,77,150-191,,4
572,,77,151, 347.e,4
573,,77,151,347,4
574,,77,151,347,4
575,,77,151,347,4
576,,77,151,347.b,4
577,,77,151,349.e,4
578,,77,151,349.a,4
402,,78,294,II.151,4
402,,79,375,24.1,4
403,,80,113,12.11,4
403,,81,122,3.11,4
426,,82,47,3.12,4
522,,82,,"fig. 6, 27.h",4
525,,82,51,5.27a,4
527,,82,57-83,8.34,4
531,,82,51,"5, 27.e",4
532,,82,45,2.2,4
534,,82,51,5. 27c,4
535,,82,47,3.17b,4
579,,82,45,9B,4
580,,82,57-83,"8, 35a",4
582,,82,45,"2, 9g",4
449,,83,,fig. 8 BA 10,4
564,,83,67,SU14,4
585,,83,,fig. 8 BA3 ,4
586,,83,,fig. 8 BA3 ,4
592,,83,,fig. 4 SU 1 ,4
453,,84,247,,4
454,,84,247,,4
455,,84,247,,4
456,,84,247,,4
457,,84,247,,4
458,,84,247,,4
460,,84,247,,4
461,,84,247,,4
462,,84,247,,4
463,,84,247,,4
464,,84,247,,4
465,,84,247,,4
466,,84,247,,4
467,,84,247,,4
468,,84,247,,4
469,,84,247,,4
470,,84,247,,4
471,,84,247,,4
472,,84,247,,4
473,,84,247,,4
474,,84,247,,4
475,,84,247,,4
476,,84,247,,4
477,,84,247,,4
478,,84,247,,4
479,,84,247,,4
480,,84,247,,4
481,,84,247,,4
482,,84,247,,4
483,,84,247,,4
484,,84,247,,4
485,,84,247,,4
486,,84,247,,4
487,,84,247,,4
488,,84,247,,4
489,,84,247,,4
490,,84,247,,4
491,,84,247,,4
492,,84,247,,4
493,,84,247,,4
494,,84,247,,4
495,,84,247,,4
496,,84,247,,4
497,,84,247,,4
498,,84,247,,4
499,,84,247,,4
500,,84,247,,4
501,,84,247,,4
502,,84,247,,4
503,,84,247,,4
504,,84,247,,4
505,,84,247,,4
506,,84,247,,4
507,,84,247,,4
508,,84,247,,4
509,,84,247,,4
510,,84,247,,4
511,,84,247,,4
512,,84,247,,4
513,,84,247,,4
515,,84,247,,4
516,,84,247,,4
517,,84,247,,4
518,,84,247,,4
519,,84,247,,4
521,,84,247,,4
523,,84,247,,4
524,,84,247,tav. IV. 14,4
526,,84,247,,4
528,,84,247,,4
529,,84,247,,4
530,,84,247,,4
533,,84,247,,4
459,,85,134,7.c,4
467,,85,130,3.3,4
476,,85,130,3.1,4
478,,85,133,5.5,4
479,,85,134,5.4,4
537,,85,135,,4
538,,85,128,2.1,4
539,,85,132,4.2,4
540,,85,132,2.2,4
541,,85,132,2.3,4
549,,85,134,6.4,4
550,,85,134,6.3,4
552,,85,,,4
463,,86,,tav. 19,4
468,,86,465,10.2,4
469,,86,465,10.1,4
475,,86,,tav. 19,4
553,,87,464,9.2,4
554,,87,464,9.1,4
555,,87,463,8.48,4
556,,87,462,6.34,4
557,,87,462,6.31,4
559,,87,462,6.35,4
560,,87,462,6.36,4
561,,87,462,6.37,4
562,,87,463,7.39,4
563,,87,463,7.38,4
564,,87,463,5.28,4
565,,87,463,7.40,4
567,,87,463,8.44,4
568,,87,462,6.35,4
569,,87,461,5.25,4
571,,87,460,2.4,4
572,,87,460,2.5,4
573,,87,461,4.16,4
575,,87,461,4.15,4
576,,87,463,7.41,4
577,,87,461,4.17,4
578,,87,461,5.29,4
481,,88,1130-1132,"fig. 1, fig. 2.1",4
552,,88,,,4
514,,89,218,"n. 70, fig. 14,70",4
520,,89,,"8,36",4
527,,89,,"fig. 17, 97, 98, 101, 103, tavv. 5, 99-100",4
532,,89,198,32,4
534,,89,,"fig. 4,7 e 9; 5, 7-8, 10",4
535,,89,,"fig. 27, 163",4
545,,89,218,71,4
514,,90,62,"tav. XIII, 4",4
522,,90,62,"tav. XII, 5",4
525,,90,62,"tav. XII, 4",4
531,,90,63,"tav. XII, 3",4
534,,90,62-63,"tav. XII, 2, XIV, 3",4
514,,91,293,II.149,4
525,,91,293,II.147,4
534,,91,293,II.146,4
535,,91,293,II.148,4
545,,91,293,II.150,4
546,,91,293,II.145,4
525,,92,376,25.3,4
534,,92,376,25.2,4
535,,92,377,25.4,4
536,,92,376,25.1,4
536,,93,,"tav. XVI, 65",4
546,,94,112,,4
556,,95,,,4
559,,95,,tav. 94 (1672),4
560,,95,,tav. 82 (1485),4
687,,95,,"tav. 65, n. 1156",4
559,,96,,"tav. 13, 1 ",4
560,,96,,"tav. 13, 2 ",4
576,,96,,"tav. 13,13",4
583,,96,36,tav. 12,4
584,,96,36,tav. 12,4
585,,96,36,tav. 12 B1,4
586,,96,36,tav. 12 B2,4
587,,96,36,tav. 12,4
588,,96,36,tav. 12,4
596,,96,,"tav. 15, 7",4
597,,96,,"tav. 15, 6",4
598,,96,,,4
599,,96,,"Tav. 15, 17",4
600,,96,,,4
601,,96,,"tav. 15, 12",4
602,,96,,"tav. 15, 13.",4
603,,96,,"tav. 15, 14.",4
604,,96,,,4
605,,96,,,4
606,,96,,,4
607,,96,,,4
608,,96,,,4
609,,96,,,4
559,,97,377,25.7,4
560,,97,377,25.6,4
563,,97,377,25.5,4
576,,97,378,25.9,4
563,,98,,"nn. 16, 71",4
568,,98,378,25.7,4
568,,99,,,4
576,,99,9-11,"tav. 4, 40",4
650,,99,,tav. 5.67,4
686,,99,13-14,tav. 5.57,4
688,,99,14,"tav. 5, 66",4
573,,100,,,4
574,,100,,1849,4
575,,100,,1509,4
577,,100,,,4
588,,100,254,,4
676,,100,, n. 574-575.,4
677,,100,,n. 574-575.,4
583,,101,117,fig. D,4
584,,101,117,fig. A,4
585,,101,118,,4
586,,101,118,fig. C,4
587,,101,118,,4
588,,101,118,fig. B,4
596,,101,108-116,,4
597,,101,108-116,,4
598,,101,108-116,"tav. VIII, 6",4
599,,101,108-116,,4
600,,101,"tav. VIII, 14",,4
601,,101,108-116,"tav. VIII, 11",4
602,,101,108-116,"tav. VIII, 13",4
603,,101,,"tav. VIII, 2",4
605,,101,108-116,"tav. VIII, 5.",4
606,,101,108-116,"tav. VIII, 3.",4
607,,101,108-116,"tav. VIII, 8.",4
608,,101,108-116,"tav. VIII, 9.",4
609,,101,108-116,"tav. VIII, 7.",4
583,,102,,,4
594,,102,198-199,"tav. 133, n. 4236",4
595,,102,198-199,"tav. 133, n. 4237",4
596,,102,,"tav. 122, 3752",4
597,,102,149,"tav. 129, 3854",4
598,,102,149,"tav. 128, 3837 ",4
599,,102,213,tav. 161 (4344),4
600,,102,218,"tav. 163, 4363",4
601,,102,7,tav. 5,4
602,,102,233,tav. 172 (4476),4
603,,102,233,tav. 172 (4481),4
607,,102,,,4
589,,103,241-260,,4
590,,103,241-260,,4
591,,103,241-260,,4
592,,103,,2.5,4
593,,103,241-260,,4
594,,103,241-260,,4
595,,103,241-260,,4
589,,104,16,"n. 165, tav. 3",4
589,,105,53,"tav. XI, fig . l",4
590,,105,53,"n. 2,  tav. XI,3; ",4
591,,105,53,"n. 3; tav. XI, fig. 2",4
592,,105,54,"n. 4; tav. Xl, fig. 4",4
593,,105,54,"tav. XI, fig. 7",4
594,,105,54,"n. 5; tav. XI, fig. 5",4
595,,105,54,"tav. XI , fig. 6",4
589,,106,294,II.153,4
590,,106,294,II.154,4
591,,106,294,II.155,4
592,,106,295,II.156,4
593,,106,295,II.159,4
594,,106,295,II.157,4
595,,106,295,II.158,4
589,,107,349,21.1,4
590,,107,349,21.2,4
591,,107,349,21.3,4
592,,107,350,21.4,4
593,,107,351,21.7,4
594,,107,350,21.5,4
595,,107,350,21.6,4
590,,108,,"tavv. 28, 49 e 30, 49",4
591,,108,,"tavv. 28, 40 e 30, 49",4
592,,108,,"tav. 28,2",4
593,,108,,"tav. 27, 11",4
596,,108,,tav. 33,4
597,,108,,tav. 33,4
598,,108,,tav. 33,4
600,,108,,tav. 33,4
601,,108,,tav. 33,4
602,,108,,tav. 33,4
603,,108,,tav. 33,4
607,,108,,tav. 33,4
601,,109,40,,4
601,,110,"180, 251 sg",,4
603,,110,,fig. 174,4
610,,111,243-245,,4
611,,111,243-245,,4
612,,111,243-245,,4
613,,111,243-245,,4
614,,111,243-245,,4
615,,111,243-245,,4
616,,111,243-245,,4
617,,111,243-245,,4
618,,111,374,23.9,4
619,,111,243-245,,4
620,,111,374,23.8,4
621,,111,243-245,,4
622,,111,243-245,,4
623,,111,243-245,,4
624,,111,243-245,,4
625,,111,243-245,,4
626,,111,243-245,,4
627,,111,243-245,,4
628,,111,243-245,,4
629,,111,243-245,,4
630,,111,243-245,,4
631,,111,243-245,,4
632,,111,243-245,,4
633,,111,243-245,,4
634,,111,243-245,,4
635,,111,243-245,,4
636,,111,243-245,,4
637,,111,243-245,,4
638,,111,243-245,,4
639,,111,243-245,,4
640,,111,243-245,,4
641,,111,243-245,,4
642,,111,243-245,,4
643,,111,243-245,,4
644,,111,243-245,,4
645,,111,243-245,,4
646,,111,243-245,,4
647,,111,243-245,,4
648,,111,243-245,,4
649,,111,243-245,,4
650,,111,243-245,,4
651,,111,243-245,,4
652,,111,243-245,,4
653,,111,243-245,,4
654,,111,243-245,,4
655,,111,243-245,,4
656,,111,243-245,,4
657,,111,243-245,,4
658,,111,243-245,,4
659,,111,243-245,,4
660,,111,243-245,,4
661,,111,243-245,,4
662,,111,243-245,,4
663,,111,243-245,,4
664,,111,243-245,,4
665,,111,243-245,,4
666,,111,243-245,,4
668,,111,243-245,,4
669,,111,243-245,,4
670,,111,243-245,,4
671,,111,243-245,,4
672,,111,243-245,,4
673,,111,243-245,,4
674,,111,243-245,,4
675,,111,243-245,,4
682,,111,243-245,,4
683,,111,243-245,,4
684,,111,243-245,,4
685,,111,243-245,,4
689,,111,243-245,,4
610,,112,78,55,4
612,,112,40,18,4
613,,112,"56, 89",fig. 32 p. 56; fig. 1 p. 89,4
614,,112,"56, 89",fig. 32 p. 56; fig. 2 p. 89,4
615,,112,"39, 89",fig. 17.4 p. 39; fig. 3 p. 89,4
616,,112,"39, 90",fig. 17.5 p. 39; fig. 4 p. 90,4
617,,112,35,"12,2",4
618,,112,61,37.5,4
619,,112,61,37.6,4
620,,112,61,37.7,4
621,,112,,,4
622,,112,,,4
623,,112,,,4
624,,112,,,4
625,,112,,,4
626,,112,,,4
627,,112,,,4
628,,112,,,4
629,,112,,,4
630,,112,,,4
631,,112,,,4
632,,112,,,4
633,,112,,,4
634,,112,,,4
635,,112,,,4
636,,112,,,4
637,,112,,,4
638,,112,,,4
639,,112,,,4
640,,112,,,4
641,,112,,,4
642,,112,,,4
643,,112,,,4
644,,112,,,4
645,,112,,,4
646,,112,,,4
647,,112,,,4
649,,112,,,4
650,,112,,,4
651,,112,,,4
652,,112,,,4
653,,112,,,4
654,,112,,,4
655,,112,,,4
656,,112,,,4
657,,112,,,4
658,,112,,,4
659,,112,,,4
660,,112,,,4
661,,112,,,4
662,,112,,,4
663,,112,,,4
664,,112,,,4
665,,112,,,4
666,,112,,,4
667,,112,,,4
668,,112,,,4
669,,112,,,4
670,,112,,,4
671,,112,,,4
672,,112,,,4
673,,112,,,4
674,,112,,,4
675,,112,,,4
676,,112,"59, 65",fig. 41.2 p. 65.,4
677,,112,"59, 65",fig. 41.2 p. 65.,4
678,,112,59,,4
679,,112,59,,4
680,,112,59-62,"fig. 42, 2",4
681,,112,59-62,"Fig. 42, 1",4
682,,112,59-62,"Fig. 42, 1",4
683,,112,,,4
684,,112,,,4
685,,112,,,4
686,,112,,,4
687,,112,,,4
688,,112,,,4
689,,112,,,4
690,,112,,,4
691,,112,,,4
692,,112,,,4
693,,112,,,4
694,,112,,,4
695,,112,73,50,4
696,,112,73,50,4
697,,112,,,4
698,,112,,,4
699,,112,,,4
700,,112,,,4
701,,112,,,4
702,,112,,,4
703,,112,,,4
704,,112,,,4
705,,112,,,4
708,,112,,"22,4",4
709,,112,,"22,8",4
710,,112,,"22,6",4
711,,112,,,4
712,,112,,"22,1",4
713,,112,,"22,2",4
714,,112,,"22,7",4
611,,113,155-161,,4
612,,113,155-161,,4
613,,113,155-161,,4
614,,113,155-161,,4
615,,113,155-161,,4
616,,113,155-161,,4
617,,113,155-161,,4
618,,113,155-161,,4
619,,113,155-161,,4
620,,113,155-161,,4
621,,113,155-161,,4
622,,113,155-161,,4
623,,113,155-161,,4
624,,113,155-161,,4
625,,113,155-161,,4
626,,113,155-161,,4
627,,113,155-161,,4
628,,113,155-161,,4
629,,113,155-161,,4
630,,113,155-161,,4
631,,113,155-161,,4
632,,113,155-161,,4
633,,113,155-161,,4
634,,113,155-161,,4
635,,113,155-161,,4
636,,113,155-161,,4
637,,113,155-161,,4
638,,113,155-161,,4
639,,113,155-161,,4
640,,113,155-161,,4
641,,113,155-161,,4
642,,113,155-161,,4
643,,113,155-161,,4
644,,113,155-161,,4
645,,113,155-161,,4
646,,113,155-161,,4
647,,113,155-161,,4
648,,113,155-161,,4
649,,113,155-161,,4
650,,113,155-161,,4
651,,113,155-161,,4
652,,113,155-161,,4
653,,113,155-161,,4
654,,113,155-161,,4
655,,113,155-161,,4
658,,113,155-161,,4
659,,113,155-161,,4
660,,113,155-161,,4
661,,113,155-161,,4
662,,113,155-161,,4
663,,113,155-161,,4
664,,113,155-161,,4
665,,113,155-161,,4
666,,113,155-161,,4
667,,113,155-161,,4
668,,113,155-161,,4
669,,113,155-161,,4
670,,113,155-161,,4
671,,113,155-161,,4
672,,113,155-161,,4
673,,113,155-161,,4
674,,113,155-161,,4
675,,113,155-161,,4
676,,113,155-161,,4
677,,113,155-161,,4
678,,113,155-161,,4
679,,113,155-161,,4
680,,113,155-161,,4
681,,113,155-161,,4
682,,113,155-161,,4
683,,113,155-161,,4
684,,113,155-161,,4
685,,113,155-161,,4
686,,113,155-161,,4
687,,113,155-161,,4
708,,113,155-161,,4
709,,113,155-161,,4
710,,113,155-161,,4
711,,113,155-161,,4
712,,113,155-161,,4
713,,113,155-161,,4
714,,113,155-161,,4
621,,114,,"tav. XXIX, 6",4
622,,114,,"tav. LVII, 9",4
623,,114,,"tav. LVII, 12",4
624,,114,,"tav. LVII, 10",4
625,,114,25-114,,4
626,,114,,"LVII, 11",4
627,,114,,"tav. LVII, 7",4
628,,114,,"LVII, 14",4
629,,114,84,,4
630,,114,,"tav. LVII, 2",4
631,,114,,"tav. LVII, 1",4
632,,114,,"tav. LVII, 5",4
633,,114,,"tav. LVII, 3",4
636,,114,,"tav. LVII, 4",4
637,,114,,"tav. LVI, 4",4
638,,114,,"tav. LVII, 8",4
639,,114,,"tav. LVIII, 1-2",4
640,,114,,"tav. LV, 8",4
641,,114,,"tav. LV, 10",4
642,,114,86,,4
643,,114,86,,4
644,,114,,"tav. LV, 7",4
645,,114,,,4
646,,114,,"tav. XLVI, 2",4
648,,114,,"tav. LVI, 2",4
649,,114,,"tav. LVI, 1",4
650,,114,,"tav. LVI, 5",4
651,,114,,"tav. LVII, 6",4
652,,114,,"tav. LVIII, 3",4
653,,114,,"tav. LVI, 3",4
654,,114,,"tav. XLIV, 3",4
655,,114,,"tav. XLIV, 1",4
656,,114,,"tav. LII, 2",4
657,,114,91,,4
658,,114,,"tav. XXXVIII, 4",4
659,,114,,"tav. XLII, 10.",4
660,,114,,"tav. LV, 4",4
661,,114,,"tav. XL, 4",4
662,,114,,"tav. XLVI, 2.",4
663,,114,,"tav. LI, 5.",4
664,,114,,"tav. LV, 11",4
665,,114,,tav. XLV,4
666,,114,,"tav. XLVI, 1",4
667,,114,,"tav. XLVII, 1",4
668,,114,,"tav. XXVIII, 2",4
669,,114,,"tav. XL, 2",4
670,,114,,"tav. XXX, 5",4
671,,114,,"tav. XLII, 1",4
672,,114,,"tav. XLII, 3",4
673,,114,,"tav. XLII, 6",4
674,,114,,"tav. XXXVIII, 3",4
675,,114,,"tav. L, 1",4
640,,115,165, 6.29,4
641,,115,165, 6.28,4
642,,115,165, 6.30,4
643,,115,165, 6.27,4
644,,115,,,4
645,,115,165, 6.26,4
676,,116,373,23.3,4
677,,116,373,23.3,4
678,,116,373,23.3,4
679,,116,373,23.3,4
680,,116,373,23.3,4
681,,116,373,23.2,4
686,,116,374,23.6,4
687,,116,373,23.5,4
688,,116,373,23.7,4
706,,117,433-498,,4
707,,117,433-498,,4
715,,118,298,,4
716,,118,298,,4
717,,118,298,,4
2,3,,80,37,4
3,3,,86,46,4
4,3,,87,55,4
8,3,,80,40,4
9,3,,86,48,4
133,3,,,,4
134,3,,87,57,4
139,3,,86,49,4
140,3,,86,50,4
178,3,,99,88,4
179,3,,99,89,4
180,3,,,,4
181,3,,,,4
182,3,,,,4
183,3,,,,4
273,3,,109,99,4
17,16,,,,4
18,16,,112,"2,1",4
19,16,,,,4
20,16,,113,"3,6",4
21,16,,,,4
22,16,,,,4
23,16,,,,4
24,16,,,,4
25,16,,,,4
26,16,,,,4
27,16,,,,4
28,16,,,,4
29,16,,,,4
30,16,,,,4
31,16,,,,4
32,16,,,,4
718,16,,,,4
599,,,,tav. 33,4
